"Q1","Q2","Q3","Q4","Q5","Q6","Q7","Q8","Q9","Q10","Q11","Q12","age","gender","country"
4,4,2,2,2,4,4,5,2,2,2,2,16,2,"US"
4,4,4,2,2,4,4,4,2,4,2,2,66,1,"US"
4,4,5,4,5,2,1,1,2,4,2,3,18,1,"IL"
5,4,2,4,5,4,5,4,2,2,2,2,23,2,"US"
3,3,2,3,3,2,4,3,2,2,2,3,42,1,"GB"
4,3,2,2,4,4,5,4,2,2,2,3,15,2,"CA"
5,5,1,1,2,5,4,3,1,1,1,1,70,1,"US"
4,4,3,1,4,4,5,5,2,1,3,4,21,2,"SG"
4,4,2,4,4,2,2,3,5,4,2,4,28,1,"US"
4,2,2,4,2,4,4,2,4,2,4,3,40,1,"IT"
1,1,5,5,5,1,2,5,5,5,5,1,40,1,"US"
2,2,4,4,4,2,4,2,2,4,5,3,34,1,"US"
4,4,3,4,5,3,4,4,3,3,4,4,18,2,"BN"
4,3,3,5,2,4,5,4,2,2,2,2,35,1,"US"
4,4,4,2,5,5,5,4,4,5,4,4,20,2,"PH"
4,4,2,2,4,4,4,4,4,4,1,1,23,1,"US"
4,4,2,3,3,4,5,4,4,4,4,4,17,1,"GB"
5,4,1,1,5,5,3,4,1,1,1,1,29,1,"PL"
1,4,5,4,5,3,3,4,5,5,5,4,20,2,"PT"
4,1,4,4,4,1,3,2,4,5,4,5,16,2,"US"
4,3,5,4,4,4,5,5,2,3,4,3,17,2,"US"
5,5,2,2,2,1,4,5,2,1,1,2,32,1,"IN"
4,4,2,2,3,4,5,4,2,2,2,2,23,2,"ZA"
4,2,4,3,4,4,1,3,4,4,4,4,30,2,"US"
4,4,4,4,1,4,1,3,4,1,2,4,22,2,"US"
5,5,2,1,4,3,3,5,1,2,1,2,69,2,"FR"
4,2,2,3,4,4,4,3,2,3,4,4,23,2,"FR"
2,4,2,2,2,1,2,2,4,2,2,3,55,2,"US"
5,5,2,2,3,2,4,4,2,2,1,2,17,2,"GB"
4,4,2,4,5,4,5,3,3,2,2,2,27,2,"US"
2,2,4,4,5,4,4,4,5,2,2,2,59,1,"US"
4,4,5,4,5,2,2,2,5,4,5,4,23,1,"US"
5,5,1,2,3,5,5,3,2,5,1,2,23,2,"CA"
4,4,5,2,3,2,4,4,3,2,4,3,16,2,"GE"
4,4,3,4,5,2,4,4,4,4,4,3,32,1,"US"
1,2,4,4,4,4,2,3,5,5,5,4,17,2,"AT"
4,5,2,4,4,2,4,4,1,1,2,2,15,2,"US"
4,4,1,1,1,5,4,4,2,4,1,2,36,2,"US"
5,1,1,1,5,3,5,5,1,5,1,5,21,1,"IN"
2,2,4,5,4,3,2,2,1,2,4,3,21,2,"US"
4,4,5,4,4,1,5,4,2,4,4,2,14,2,"US"
4,4,1,4,4,1,5,4,1,2,4,3,25,1,"US"
4,3,4,4,5,3,3,4,4,2,4,4,18,2,"US"
4,4,4,4,5,2,4,3,2,4,4,3,29,1,"AU"
4,2,4,2,1,5,5,4,2,1,2,4,52,1,"US"
4,1,4,2,5,4,4,4,4,2,2,4,23,2,"US"
2,1,4,5,4,3,5,5,1,3,3,5,19,2,"US"
2,4,2,2,5,3,4,4,1,3,2,2,30,2,"FR"
4,1,5,4,4,4,2,3,4,5,4,4,16,2,"AU"
4,2,2,2,4,5,4,2,3,2,2,4,62,1,"US"
5,1,2,1,2,5,5,4,2,2,1,2,22,2,"IN"
5,2,2,1,5,5,4,3,4,2,2,2,43,2,"ZA"
5,4,4,4,5,2,4,4,5,4,4,4,52,2,"US"
4,3,2,2,4,4,4,3,4,2,2,3,39,2,"US"
4,1,2,4,4,5,5,5,2,2,2,3,20,2,"US"
4,3,2,3,4,2,4,4,1,2,2,4,54,2,"CA"
4,5,1,2,2,4,5,3,2,4,2,2,22,2,"US"
5,4,3,3,3,5,4,4,2,2,2,4,19,2,"US"
2,4,4,2,5,2,1,2,4,4,4,4,23,1,"US"
5,3,1,3,4,5,4,4,1,2,2,4,18,2,"PH"
4,2,4,4,4,2,4,5,2,2,2,3,57,2,"US"
5,1,3,1,4,1,1,1,3,2,4,5,60,1,"US"
4,1,5,5,5,1,4,2,4,5,5,3,18,1,"AU"
3,2,4,4,5,1,3,4,2,3,3,3,16,2,"US"
5,2,1,1,4,4,4,1,3,2,2,1,44,2,"US"
5,4,1,2,2,4,4,4,1,2,2,4,19,1,"GB"
5,3,1,2,1,4,5,4,4,2,2,3,40,2,"US"
4,1,4,3,5,5,4,3,2,4,4,3,16,2,"RO"
4,3,5,3,5,4,5,3,3,4,4,5,15,2,"US"
3,4,2,4,4,3,4,3,2,3,2,4,13,2,"PH"
5,3,2,2,4,4,4,2,1,1,2,2,19,2,"DE"
5,5,1,1,3,2,5,4,2,4,1,3,16,2,"IT"
5,4,1,3,2,4,3,4,1,1,2,1,60,2,"US"
4,3,4,2,5,3,3,3,4,3,2,3,24,1,"SE"
3,4,2,2,5,4,4,4,4,2,3,4,18,2,"TW"
1,1,5,5,4,1,3,2,4,4,5,5,19,2,"US"
4,3,2,4,2,3,4,3,2,3,3,3,19,1,"US"
4,5,3,2,1,5,5,5,4,2,2,3,16,2,"US"
4,5,2,2,4,4,4,4,2,1,3,4,17,2,"US"
2,1,5,5,5,4,4,2,2,2,2,4,46,2,"GB"
4,5,2,3,4,5,2,2,1,1,2,4,50,1,"GB"
4,2,1,4,4,5,4,5,2,4,4,2,16,1,"AU"
4,5,2,1,4,5,4,3,2,1,1,3,17,2,"US"
4,4,2,2,4,5,4,5,1,2,1,2,17,2,"US"
4,4,2,1,5,5,4,2,4,3,2,1,25,2,"US"
3,4,4,2,4,5,4,3,3,1,4,3,18,1,"ZA"
4,4,5,5,5,1,3,3,5,4,5,3,16,1,"US"
4,5,1,1,2,5,4,4,2,2,1,1,36,1,"GB"
5,2,2,1,3,4,4,4,1,2,2,1,29,2,"AU"
5,5,2,1,3,4,4,4,2,2,2,1,22,2,"AU"
3,4,2,1,4,4,4,5,4,4,3,2,64,2,"GB"
2,1,4,4,4,2,4,5,1,1,4,4,41,1,"US"
4,2,5,5,5,4,5,3,1,2,2,3,21,1,"AU"
4,1,5,5,4,1,1,3,2,4,3,4,65,1,"GB"
5,4,1,1,4,4,5,4,1,1,1,2,27,1,"US"
4,3,1,2,2,4,4,3,2,1,2,3,24,1,"US"
4,2,3,4,2,4,4,4,3,2,2,4,23,2,"US"
5,5,1,1,1,4,4,5,1,1,1,1,34,2,"US"
5,4,1,2,2,2,5,4,1,1,2,2,32,2,"US"
2,1,4,2,3,4,4,4,4,1,2,1,23,2,"TH"
3,4,4,4,5,4,4,4,4,4,4,3,14,2,"US"
4,3,1,2,4,4,5,4,1,2,2,3,18,2,"US"
5,4,1,1,1,4,5,4,1,1,1,1,28,2,"US"
2,1,4,4,3,4,1,2,4,3,5,3,19,1,"GB"
4,2,4,1,2,5,5,2,5,1,2,5,29,1,"US"
4,2,4,4,4,4,4,4,5,2,2,4,32,2,"DE"
4,3,1,1,1,1,1,1,1,1,1,1,18,2,"AU"
5,4,5,5,4,5,5,5,1,1,4,3,19,1,"IN"
5,5,1,1,1,5,5,5,1,1,1,1,31,2,"CA"
4,4,4,3,4,4,4,3,2,4,4,4,18,2,"US"
5,4,2,1,4,4,4,5,4,2,2,2,25,2,"CA"
4,5,2,2,2,4,5,4,2,3,2,2,26,1,"DE"
4,4,2,2,4,2,4,2,1,4,3,2,19,2,"US"
5,4,1,1,4,5,5,5,2,4,2,3,19,2,"US"
1,2,4,4,4,4,4,3,4,2,4,3,22,2,"US"
4,4,2,3,4,4,4,3,2,2,2,2,19,1,"US"
4,2,1,2,5,4,5,4,1,4,2,4,60,2,"US"
3,4,2,2,4,2,5,2,1,2,2,4,18,2,"FR"
3,4,2,1,4,4,5,4,2,2,4,4,17,2,"US"
5,3,1,2,3,4,5,4,1,2,1,2,21,2,"CA"
4,4,4,2,5,2,2,3,5,5,4,4,27,1,"CA"
5,4,1,2,4,4,4,4,2,1,2,3,18,1,"FR"
3,2,4,3,1,2,4,4,2,2,2,3,37,2,"PT"
4,4,4,4,5,5,4,4,1,1,1,5,16,2,"CA"
4,3,3,2,4,4,4,2,4,4,3,3,24,2,"HU"
5,1,1,5,3,5,5,5,2,1,1,1,22,1,"PL"
4,4,2,2,4,4,4,3,2,2,2,2,43,1,"GB"
5,5,1,1,4,5,5,1,1,1,1,2,26,1,"US"
4,3,4,4,4,2,4,5,4,3,1,2,21,2,"BW"
5,4,2,2,4,5,4,4,2,1,2,2,23,1,"A1"
1,1,5,5,5,2,2,2,5,4,4,2,17,2,"GB"
4,4,2,2,4,4,4,4,2,2,2,3,33,1,"US"
5,4,2,2,2,5,4,3,4,4,3,4,46,1,"RU"
3,2,4,4,4,4,5,4,2,2,4,2,17,2,"US"
5,4,1,2,3,5,5,4,1,1,1,2,35,2,"US"
4,3,4,5,5,2,2,3,5,4,4,2,17,1,"GB"
5,4,1,1,2,5,4,3,4,2,1,1,68,1,"US"
3,3,4,4,2,4,4,2,2,3,3,4,22,2,"US"
5,5,1,1,2,4,4,4,1,2,2,2,60,2,"AU"
5,5,3,2,2,5,3,4,3,2,2,3,20,2,"US"
4,3,2,2,4,4,4,3,3,4,4,4,25,1,"LT"
4,1,5,5,5,4,4,1,2,4,5,4,22,1,"US"
5,4,2,4,4,4,5,4,1,4,4,4,29,2,"US"
5,5,2,4,1,4,4,3,5,2,2,1,16,2,"US"
4,5,1,2,2,5,5,5,2,1,1,1,30,2,"US"
2,2,4,4,5,3,4,3,4,2,4,4,30,2,"CA"
2,2,4,5,4,3,3,3,4,3,5,5,17,2,"US"
5,4,4,4,5,5,5,1,4,1,1,4,53,1,"CA"
4,4,2,3,3,4,4,2,2,2,4,2,25,2,"VN"
4,4,1,1,4,4,5,4,2,2,2,2,50,1,"US"
2,2,4,4,4,4,5,4,5,3,4,4,20,1,"SG"
2,2,4,4,5,2,3,4,3,4,5,5,40,2,"US"
5,4,2,2,3,5,4,5,2,2,2,2,20,1,"AU"
4,2,2,1,4,4,2,2,4,3,1,2,48,1,"US"
4,2,2,4,5,2,3,3,4,5,4,4,21,1,"AU"
4,3,1,1,2,4,5,3,1,2,1,2,16,2,"US"
1,4,5,4,5,2,3,1,3,4,5,1,41,1,"GB"
5,4,2,2,2,4,4,5,1,1,1,3,23,1,"HK"
5,5,2,2,2,5,4,5,2,2,2,2,26,1,"BE"
2,2,3,2,4,2,1,4,3,3,2,5,38,2,"HU"
4,4,4,4,4,4,5,4,2,4,2,2,19,2,"US"
4,4,2,4,4,5,4,4,2,2,2,4,59,1,"US"
5,4,2,1,3,5,4,4,4,4,2,4,40,2,"US"
4,4,2,1,2,5,4,5,1,1,2,2,19,1,"US"
2,1,4,4,4,3,4,4,4,4,3,3,19,1,"US"
2,4,3,4,4,4,4,4,4,3,4,4,22,1,"RO"
2,2,4,4,4,2,5,5,4,4,4,2,29,1,"US"
4,2,2,3,4,3,4,4,2,2,2,3,18,2,"SG"
5,5,4,1,4,3,2,4,1,2,1,5,24,1,"US"
2,4,4,5,5,5,4,3,2,2,2,4,17,1,"CA"
3,4,4,4,2,2,2,2,5,5,5,4,28,1,"IT"
5,5,1,1,1,5,5,4,1,1,1,3,38,1,"US"
4,3,5,5,1,2,4,5,5,5,5,1,23,2,"TH"
5,5,4,2,2,5,5,5,2,2,2,2,51,1,"US"
4,3,5,4,4,4,5,5,3,3,4,5,21,1,"US"
3,1,4,4,5,2,3,4,4,3,4,4,34,1,"US"
4,4,1,1,4,2,2,4,4,2,2,2,55,1,"US"
3,1,5,5,2,4,3,2,4,4,3,4,68,2,"US"
5,5,1,1,3,4,5,4,4,2,2,2,36,2,"US"
4,1,2,2,3,2,4,2,4,4,4,3,46,1,"IN"
4,2,2,2,3,4,4,4,2,4,2,2,18,1,"US"
4,2,2,3,4,5,5,4,1,2,1,3,14,1,"GB"
4,2,2,2,4,3,2,4,2,3,2,2,23,2,"TR"
5,4,1,1,2,5,4,5,1,2,1,2,28,1,"DE"
4,5,4,2,4,4,4,2,4,2,2,3,19,1,"US"
4,4,4,4,4,4,4,4,4,4,4,4,16,2,"PH"
1,3,4,5,5,3,4,3,4,4,4,2,19,1,"NO"
5,4,1,2,5,4,4,5,2,2,2,3,21,1,"VE"
2,2,4,4,4,2,2,3,4,4,4,4,17,2,"US"
4,5,3,2,2,5,5,4,2,2,2,3,37,2,"CA"
4,3,2,1,2,2,5,3,1,3,2,3,16,2,"PL"
4,4,2,3,4,4,5,5,2,2,2,2,32,1,"US"
3,3,3,3,4,5,2,3,4,3,4,4,19,2,"US"
2,3,3,2,5,3,3,3,2,3,2,4,19,2,"KR"
5,4,1,1,3,5,5,5,1,1,2,2,34,2,"CA"
4,1,4,4,5,3,4,3,4,4,4,4,21,2,"US"
5,5,3,4,4,5,4,4,2,1,3,4,48,1,"US"
4,3,2,1,5,1,4,2,2,4,2,4,18,2,"US"
4,4,4,4,4,4,4,4,4,4,4,4,38,1,"US"
4,3,1,2,3,4,4,3,2,2,3,4,52,2,"ZA"
5,5,1,1,3,5,5,5,1,1,1,1,23,1,"AU"
2,4,4,4,5,2,4,2,2,2,3,4,14,2,"MY"
4,2,4,3,5,2,3,4,4,4,5,4,15,2,"US"
4,5,4,4,5,3,4,5,5,4,5,3,24,2,"BR"
5,4,2,4,5,4,4,4,4,2,1,3,25,1,"US"
4,4,4,5,5,5,5,5,4,5,4,5,17,1,"GB"
4,2,2,2,4,4,5,3,2,2,2,3,20,2,"US"
5,4,3,3,4,4,5,4,2,4,3,3,17,1,"US"
4,4,1,4,4,4,4,5,2,1,1,4,28,1,"GB"
1,1,5,5,5,1,1,1,5,5,5,1,18,1,"GB"
5,5,1,1,4,4,5,5,1,1,2,2,36,1,"US"
4,4,1,1,2,4,4,4,4,2,1,2,29,2,"US"
5,3,4,5,4,1,5,3,4,4,4,5,23,1,"GR"
4,3,1,1,1,4,5,5,1,2,2,2,24,2,"US"
5,4,2,2,4,1,5,3,1,3,4,3,14,1,"HR"
4,4,3,4,4,3,4,4,3,4,4,4,26,2,"IE"
2,2,5,4,5,2,1,3,2,5,2,4,29,2,"JP"
4,2,4,2,4,4,5,3,4,4,2,4,19,2,"BR"
4,3,5,4,2,3,4,4,3,2,2,4,17,2,"US"
1,2,5,5,5,1,1,2,5,5,5,5,61,1,"EU"
2,1,4,5,5,2,1,1,5,5,4,3,43,1,"IE"
4,3,4,2,4,2,3,2,4,4,4,4,43,2,"US"
3,4,4,4,2,4,5,3,2,1,2,4,20,2,"MY"
4,2,1,1,4,4,4,2,1,4,1,2,16,2,"AU"
4,5,2,3,4,4,5,5,2,2,1,1,18,2,"SE"
4,2,1,4,1,2,5,4,4,2,1,2,18,1,"US"
4,3,3,3,3,4,4,4,2,2,3,4,34,2,"US"
5,2,2,1,4,4,5,4,1,1,1,2,15,1,"AE"
4,3,1,2,2,4,4,3,2,2,1,2,52,2,"US"
5,2,2,1,2,2,4,3,4,2,2,2,27,1,"US"
5,5,1,1,1,5,4,1,2,1,1,3,25,2,"US"
4,3,4,1,2,5,5,5,2,2,2,1,37,1,"US"
4,5,3,2,4,4,2,4,3,4,4,5,18,2,"DE"
2,1,4,5,5,2,2,3,4,4,4,5,35,2,"AU"
5,4,2,2,5,2,4,3,3,4,2,2,18,2,"BR"
4,3,1,2,3,5,5,3,1,2,1,2,26,2,"GB"
2,1,4,5,5,5,4,3,4,2,4,5,24,2,"EU"
4,2,2,3,5,1,4,3,2,2,2,4,21,2,"IN"
2,1,5,5,4,2,4,3,4,5,5,4,18,1,"GB"
5,4,4,4,5,4,4,5,2,2,2,4,27,1,"US"
5,4,2,1,4,5,4,3,4,1,1,3,33,1,"US"
5,5,5,1,1,5,5,1,5,5,5,1,20,2,"DE"
4,4,2,4,2,4,2,4,3,2,4,4,22,2,"GB"
4,1,4,4,2,2,2,1,5,2,2,5,31,1,"GB"
4,4,4,4,4,2,4,2,4,4,3,4,38,1,"GB"
4,1,4,4,5,2,3,2,3,4,3,4,42,1,"US"
5,4,2,1,5,5,5,5,1,2,1,2,19,2,"US"
5,4,2,2,4,3,4,4,3,2,2,1,17,1,"US"
5,5,2,1,2,5,5,5,3,2,1,1,21,1,"FR"
4,2,1,2,4,2,4,4,2,2,2,4,59,2,"US"
2,2,2,2,5,1,4,4,1,4,4,3,44,2,"US"
3,4,4,4,4,5,4,3,5,4,4,4,24,2,"US"
2,2,4,4,5,4,4,4,2,4,3,2,34,1,"DK"
4,4,4,4,4,3,3,4,2,3,3,3,25,2,"AU"
4,4,4,4,4,2,5,2,5,4,4,3,28,1,"GR"
2,5,4,5,5,4,2,5,5,5,5,5,15,2,"US"
3,4,3,2,2,3,4,4,3,2,3,3,31,1,"US"
2,1,2,2,4,2,3,3,2,4,3,4,34,2,"FR"
3,2,4,4,5,3,4,4,1,4,4,5,30,2,"IL"
4,1,4,4,5,2,2,1,5,5,5,2,16,2,"CA"
5,1,4,4,5,2,2,1,4,4,4,4,24,2,"EU"
5,5,1,1,2,5,5,5,2,1,1,2,17,1,"US"
2,5,4,2,5,4,5,4,3,5,5,4,16,1,"CA"
4,2,3,4,4,2,4,2,3,2,4,2,15,2,"CN"
2,1,4,5,4,1,1,1,5,4,4,4,13,2,"IE"
4,2,2,2,4,4,4,4,2,3,2,2,19,2,"PH"
4,4,2,1,5,2,4,2,2,4,2,4,20,2,"US"
4,5,4,2,2,4,4,4,4,2,2,5,21,2,"US"
3,1,5,4,5,2,2,3,5,4,5,4,45,2,"US"
1,1,5,5,1,1,1,1,3,4,5,5,46,2,"AU"
2,2,4,4,4,2,4,4,4,4,4,4,24,1,"US"
4,5,1,1,1,5,4,4,2,4,1,2,22,1,"RS"
2,4,4,4,2,3,4,2,2,2,4,4,17,2,"US"
4,4,4,2,5,3,5,5,4,2,4,4,15,1,"US"
2,3,3,4,5,2,3,3,4,4,4,3,15,2,"US"
5,5,1,1,5,5,4,5,2,4,2,2,46,1,"BE"
4,3,2,4,4,2,5,4,1,1,2,4,21,2,"US"
5,4,2,2,2,4,4,3,2,2,2,2,21,2,"US"
1,1,4,4,5,2,2,3,3,4,4,4,21,2,"US"
3,4,4,5,4,3,4,2,3,3,4,4,24,2,"RO"
3,4,2,3,4,4,5,4,2,4,2,4,19,1,"US"
4,4,2,2,4,4,5,5,1,1,1,3,16,1,"US"
3,4,2,2,5,4,1,2,4,3,2,4,22,1,"US"
5,5,1,2,5,5,5,1,5,1,1,1,18,1,"US"
2,5,4,2,4,4,4,2,4,2,2,2,28,1,"US"
5,4,1,3,4,4,4,4,1,2,1,3,15,1,"US"
5,4,1,1,2,1,5,5,3,2,2,1,28,1,"US"
5,5,1,2,4,4,5,4,3,5,3,1,43,1,"US"
4,4,2,1,2,4,5,4,1,1,2,1,58,1,"US"
4,2,2,2,4,2,4,2,3,2,2,4,51,2,"US"
5,2,3,1,4,4,4,4,2,2,1,2,18,1,"US"
4,4,2,1,4,4,4,4,2,1,2,3,54,1,"US"
4,5,5,2,2,5,3,3,2,4,4,5,22,2,"IN"
5,3,2,1,3,4,5,4,2,1,1,2,23,1,"AU"
3,4,2,2,4,4,4,4,1,2,2,2,15,2,"US"
4,4,2,1,1,5,4,5,2,2,2,3,18,2,"US"
1,1,4,4,4,4,4,3,2,2,2,4,16,1,"GB"
3,2,4,2,3,5,4,4,4,2,4,3,15,2,"US"
5,3,2,2,4,4,3,3,2,2,1,4,32,2,"NO"
5,5,2,4,4,5,4,4,2,4,2,4,19,2,"US"
5,4,2,2,4,4,4,5,2,4,4,2,14,1,"US"
4,4,4,3,4,5,5,3,2,2,4,3,14,2,"GB"
2,4,4,4,4,2,5,5,2,5,4,3,19,2,"IE"
4,2,5,4,4,4,4,3,5,4,4,4,16,2,"US"
4,4,3,2,4,3,4,5,2,4,4,4,25,2,"MY"
5,5,1,5,5,4,5,3,2,1,4,4,20,2,"US"
4,5,1,1,5,5,5,5,1,1,1,2,16,1,"US"
4,4,3,2,3,3,5,4,1,2,2,3,24,2,"CA"
3,2,5,5,5,1,1,2,4,2,4,3,22,1,"IT"
2,4,4,4,5,5,5,1,1,2,3,3,14,1,"US"
4,1,2,4,4,5,4,3,5,3,5,5,49,2,"AU"
4,4,4,2,2,4,4,4,2,1,2,4,30,1,"US"
4,4,2,3,5,4,5,3,1,1,2,3,17,2,"MY"
4,3,4,4,2,3,5,3,4,5,5,3,17,2,"US"
4,5,1,1,2,4,5,4,3,2,2,1,28,2,"US"
4,4,4,3,2,4,4,4,2,2,4,2,22,1,"CY"
5,4,2,1,5,5,3,5,2,1,3,3,17,1,"GB"
2,1,2,4,5,2,2,2,2,2,4,4,36,2,"GB"
4,2,2,2,4,4,4,3,2,4,3,4,24,1,"CA"
3,4,2,2,4,2,4,3,2,4,4,4,16,1,"US"
4,1,2,1,3,1,2,2,4,4,4,5,61,2,"US"
4,2,5,5,5,3,2,4,3,4,4,5,18,1,"US"
4,3,2,1,2,2,4,4,2,2,1,1,17,1,"MX"
4,4,1,1,1,5,4,4,2,2,1,3,51,2,"US"
2,4,4,4,3,4,5,5,2,2,4,2,21,2,"GR"
4,4,2,2,5,4,4,4,2,1,2,2,22,1,"DE"
4,4,2,2,3,4,4,2,2,2,2,4,55,2,"US"
4,2,2,2,4,4,4,2,2,2,4,4,44,2,"CA"
2,1,4,4,3,1,4,4,1,2,4,4,49,2,"US"
3,4,2,2,4,4,4,3,4,3,2,2,71,2,"US"
5,1,5,3,5,1,5,2,5,2,5,1,18,1,"US"
4,3,2,2,3,4,4,4,2,2,2,2,24,1,"PK"
4,4,2,2,4,4,4,2,2,2,2,2,32,2,"US"
5,4,1,2,5,3,3,5,1,2,1,3,17,1,"US"
4,4,4,2,4,5,3,4,4,1,2,3,40,1,"US"
5,4,5,4,5,3,4,5,2,4,5,4,16,2,"US"
1,2,3,4,3,4,1,2,4,4,3,4,27,2,"US"
5,1,1,2,5,4,4,3,1,2,2,2,18,1,"EU"
5,5,1,2,2,4,5,5,1,2,2,1,13,1,"US"
4,5,1,1,3,5,5,5,2,2,1,2,19,1,"US"
1,1,4,4,4,2,4,3,3,4,4,4,39,2,"US"
4,4,1,3,4,4,5,4,2,1,2,2,26,1,"IN"
4,2,3,4,4,2,5,3,4,2,2,3,17,2,"US"
1,1,5,5,4,2,1,1,5,5,5,4,18,2,"CL"
4,2,4,4,5,2,4,2,4,4,4,4,30,1,"US"
5,4,2,1,2,4,5,4,1,2,2,2,25,1,"GB"
4,2,4,5,4,2,2,2,4,4,5,4,16,1,"GB"
5,4,2,4,5,2,5,4,1,2,2,4,15,2,"US"
4,4,2,1,1,4,5,4,2,1,3,2,21,2,"NZ"
2,2,4,5,5,3,4,2,1,2,4,4,16,2,"AU"
4,4,2,2,2,4,4,5,2,2,2,2,24,2,"PK"
4,4,2,4,5,4,5,5,1,2,2,4,20,1,"US"
4,4,4,2,4,4,3,4,5,3,4,4,23,1,"FR"
4,3,2,1,4,4,5,4,2,2,2,3,20,1,"US"
4,5,4,4,5,5,2,4,2,4,2,4,14,1,"GB"
2,3,2,2,4,1,2,2,3,4,4,2,22,1,"IN"
5,4,3,2,4,5,4,3,3,3,3,3,22,2,"US"
4,4,3,2,4,4,1,5,5,1,5,2,33,1,"CA"
4,4,2,3,3,5,3,4,2,4,2,2,26,1,"CZ"
5,4,1,3,3,2,1,4,4,1,5,3,56,1,"US"
4,2,4,5,5,2,4,4,2,2,4,3,22,1,"JM"
4,5,2,2,4,4,4,3,2,4,3,3,16,2,"GB"
2,4,4,4,5,2,4,4,2,2,2,2,29,2,"AU"
2,1,2,2,4,3,2,2,3,4,2,3,45,1,"US"
1,5,5,5,5,2,2,1,5,5,3,3,52,1,"US"
4,4,4,4,4,3,4,4,2,2,3,4,15,2,"CA"
4,4,2,2,4,4,4,4,2,2,2,2,34,2,"CA"
3,2,4,5,3,2,4,2,4,4,4,3,14,2,"US"
5,2,1,4,5,1,5,2,1,1,4,5,42,1,"US"
1,1,5,3,5,1,3,4,4,4,5,5,20,1,"CA"
4,4,2,1,2,4,5,5,1,1,2,2,16,1,"US"
4,5,3,4,5,3,4,4,4,2,3,4,19,2,"US"
4,4,1,1,4,4,4,4,4,3,2,2,41,2,"GB"
4,4,5,3,4,2,4,4,2,2,4,5,19,2,"PH"
2,2,3,4,4,5,2,2,4,4,5,4,20,1,"KE"
2,3,2,1,4,4,5,4,2,2,2,3,28,1,"US"
4,4,2,4,4,2,1,3,4,2,4,4,22,1,"PK"
2,5,5,5,5,2,2,3,4,5,4,4,18,2,"NL"
4,4,3,2,4,4,5,5,1,2,2,4,22,1,"US"
5,5,1,1,2,5,5,3,4,1,2,3,25,2,"US"
4,4,1,2,2,4,5,3,1,2,2,4,19,2,"US"
4,4,3,3,4,2,3,4,4,4,2,3,17,1,"IN"
2,2,4,4,5,2,4,2,2,2,4,4,27,1,"US"
4,1,4,4,5,2,1,4,5,4,4,3,26,1,"US"
5,4,1,1,5,1,1,1,1,2,2,4,32,1,"US"
5,4,4,1,2,5,5,5,1,1,2,1,19,2,"US"
2,4,3,4,4,1,2,3,3,2,2,2,22,2,"TR"
4,2,4,2,2,4,3,4,3,2,3,2,39,2,"GB"
3,1,2,3,4,4,4,2,4,2,2,4,19,1,"KE"
4,4,1,2,2,4,4,4,1,2,1,1,39,1,"AU"
5,4,1,1,2,5,4,4,2,2,1,2,36,2,"US"
3,1,2,4,5,2,4,2,2,3,4,3,17,2,"GB"
4,5,1,1,1,5,5,5,3,1,1,1,31,1,"US"
4,4,2,2,3,2,3,4,3,2,2,1,18,2,"US"
4,5,3,2,2,4,4,5,1,3,2,2,31,1,"CA"
3,3,4,2,3,4,5,3,2,2,3,4,26,2,"US"
4,4,2,3,3,4,5,3,1,2,1,4,16,2,"US"
5,4,2,4,5,4,4,2,4,4,4,4,17,2,"US"
4,4,3,1,2,3,4,1,4,1,2,2,16,2,"US"
4,5,2,2,2,5,4,3,4,2,2,2,33,1,"GB"
4,4,1,1,1,5,5,3,2,2,1,2,52,2,"US"
4,5,1,1,5,1,5,5,2,1,1,2,19,2,"US"
1,4,5,4,5,4,4,2,4,4,4,4,15,2,"US"
4,4,2,2,2,5,3,4,2,2,2,2,26,2,"US"
4,2,3,2,5,5,4,3,4,4,4,2,21,2,"GB"
5,2,1,1,4,4,5,1,1,1,1,2,30,2,"ZA"
2,4,2,2,5,4,4,2,1,3,4,4,17,1,"US"
4,3,2,4,5,2,4,5,2,1,4,3,18,2,"PH"
2,2,4,4,4,2,2,4,4,2,4,2,50,1,"US"
4,3,2,2,2,5,5,4,2,4,4,4,40,1,"HK"
2,2,4,4,4,2,4,3,2,4,3,4,21,2,"GB"
4,2,2,2,1,4,2,4,4,3,2,2,55,2,"SE"
4,4,2,2,5,4,5,4,2,4,4,4,38,1,"US"
4,3,3,3,4,4,4,2,3,3,3,4,46,1,"NZ"
2,4,1,1,2,5,4,4,1,2,2,2,53,1,"US"
4,2,4,4,4,2,4,3,4,5,4,2,22,1,"GB"
4,4,3,2,2,5,4,5,3,3,2,4,22,1,"US"
4,4,1,2,2,5,4,4,2,2,1,2,18,1,"BR"
3,4,2,4,5,3,3,3,4,3,3,4,20,2,"MK"
2,2,4,4,3,3,4,3,3,4,4,3,25,2,"AU"
4,2,2,2,3,4,4,3,2,2,2,3,34,2,"GB"
5,5,1,5,5,5,5,5,5,5,1,1,40,1,"US"
4,5,3,2,3,4,5,5,4,2,2,1,26,2,"US"
5,5,5,5,5,5,5,5,5,1,5,5,20,1,"US"
4,4,4,4,4,3,2,2,3,2,4,4,17,2,"US"
3,4,2,1,2,4,2,4,4,5,4,4,50,1,"US"
5,4,4,5,5,1,5,5,5,5,5,4,18,2,"US"
4,1,5,5,5,2,2,2,5,5,5,4,14,2,"GB"
4,4,4,1,4,4,4,5,1,2,4,1,30,1,"US"
3,2,5,5,4,1,4,3,4,5,5,5,17,1,"PH"
5,4,4,4,2,4,5,4,4,2,3,1,15,2,"PH"
4,4,2,2,4,4,5,4,1,2,4,2,18,2,"MX"
4,3,2,4,4,4,5,3,1,4,4,1,21,2,"US"
2,4,3,2,5,1,4,4,2,5,2,3,18,2,"GB"
5,4,1,1,2,3,4,5,1,1,1,2,14,2,"US"
5,4,2,2,2,4,5,4,1,3,2,3,26,1,"CA"
3,2,2,4,4,3,4,4,2,2,2,2,15,2,"US"
4,1,5,5,2,4,1,4,5,1,4,4,20,1,"US"
5,4,2,2,4,4,3,4,5,2,2,2,27,1,"GR"
5,4,2,4,4,2,4,4,2,2,2,2,16,1,"US"
4,4,2,2,2,5,4,3,2,1,1,2,48,2,"US"
4,4,1,2,4,4,4,4,2,2,2,2,54,2,"US"
4,1,4,5,5,3,1,2,2,4,4,5,30,2,"US"
4,5,2,1,3,4,5,4,2,2,1,3,18,1,"US"
4,4,2,2,3,2,4,4,4,4,2,3,15,2,"AU"
4,3,2,2,4,4,4,3,4,4,2,3,16,2,"US"
4,2,4,1,4,1,3,5,4,3,2,3,24,2,"US"
3,2,4,3,3,4,4,5,2,2,4,1,16,2,"PH"
4,2,4,2,2,4,4,4,2,2,2,2,15,2,"US"
4,4,2,2,4,2,4,4,2,4,4,4,19,2,"US"
5,3,2,1,3,2,4,3,2,3,1,3,15,2,"CA"
3,4,2,2,5,4,4,1,3,2,2,3,21,2,"GB"
4,2,4,2,4,4,2,2,4,4,2,2,20,2,"GB"
5,4,1,2,5,5,4,4,2,4,2,2,53,2,"US"
4,5,2,2,2,2,4,3,2,4,4,2,19,2,"IN"
2,2,4,4,4,2,4,4,4,4,4,4,42,2,"US"
5,4,2,1,4,3,3,4,4,2,1,4,21,2,"US"
2,3,1,4,5,4,5,2,2,2,2,4,24,1,"PK"
4,2,4,4,4,2,2,5,4,4,4,2,16,2,"US"
4,5,1,1,4,5,5,5,1,1,1,2,61,1,"CA"
4,2,3,3,1,5,4,2,2,3,3,2,21,2,"PK"
4,2,2,2,3,2,4,3,1,1,2,3,16,1,"ZA"
4,4,2,2,5,2,5,4,4,4,3,3,41,2,"US"
4,1,4,3,3,4,2,2,3,3,1,4,14,1,"SE"
3,1,3,4,4,2,2,1,1,4,4,4,20,1,"GB"
4,4,3,3,2,4,4,4,2,2,2,4,23,2,"PH"
4,2,2,2,4,5,5,5,1,2,5,2,38,1,"IN"
4,4,5,4,5,1,4,2,1,1,2,4,14,2,"GB"
5,4,2,2,2,5,4,3,2,2,2,4,22,1,"GB"
4,5,1,1,4,4,4,4,4,1,1,1,55,2,"US"
4,5,2,1,4,4,5,2,1,2,2,2,14,2,"US"
4,2,5,3,5,2,2,3,5,4,4,5,16,2,"CA"
2,2,3,4,5,2,4,3,2,4,4,3,17,2,"US"
3,4,2,2,4,5,5,4,4,4,2,4,26,1,"PL"
5,4,1,1,4,2,4,5,2,1,1,1,22,1,"US"
4,4,4,2,4,4,5,4,1,2,1,1,41,1,"US"
2,4,4,4,5,2,2,5,3,5,3,4,60,2,"US"
4,5,1,2,1,5,4,5,4,1,2,2,64,2,"US"
2,2,4,4,1,4,5,4,1,2,2,3,20,2,"GB"
1,1,4,4,5,4,4,3,4,5,2,5,26,1,"US"
2,2,5,4,5,3,4,3,5,5,5,2,16,2,"AU"
4,3,2,3,3,5,3,3,2,2,2,2,15,1,"KR"
4,4,5,5,5,2,2,4,5,5,5,4,16,1,"SG"
5,2,4,2,5,2,4,4,1,2,4,2,29,2,"GB"
5,5,1,1,1,4,4,4,1,1,1,2,50,1,"US"
2,2,4,4,3,2,4,4,4,3,4,2,34,1,"US"
4,4,2,4,4,4,4,4,4,2,2,4,29,1,"IN"
5,4,1,2,4,5,5,4,1,2,2,4,18,2,"US"
5,2,4,2,2,4,4,3,2,4,2,3,26,2,"US"
5,4,2,2,5,1,5,4,4,4,2,1,31,2,"US"
4,3,2,2,4,3,5,4,4,3,2,2,23,2,"DE"
4,4,4,4,4,4,4,4,2,2,4,4,35,2,"US"
1,1,4,4,5,2,2,4,4,4,4,4,21,1,"US"
2,2,2,2,2,3,2,2,4,4,2,3,15,2,"US"
4,4,2,2,5,5,4,5,1,4,4,2,15,1,"GB"
4,3,2,2,2,5,4,4,4,2,2,4,24,1,"MT"
4,4,2,1,3,3,5,4,2,2,2,2,25,2,"US"
3,2,2,4,5,1,2,2,4,3,4,5,19,2,"US"
5,1,4,3,4,4,4,4,4,1,4,1,26,2,"US"
1,1,5,5,5,1,1,1,5,5,5,5,23,1,"US"
5,4,4,4,2,1,5,1,5,1,4,1,14,2,"US"
4,4,5,5,3,1,4,2,1,1,2,2,15,2,"SG"
5,3,2,1,2,5,4,4,1,2,1,4,48,2,"US"
4,2,4,4,5,2,4,3,1,2,4,3,15,2,"CA"
4,4,1,2,4,4,4,3,1,2,1,2,56,2,"US"
2,3,1,4,2,1,4,2,1,1,1,4,19,2,"JP"
4,4,2,1,4,2,5,5,1,2,2,5,20,2,"US"
5,4,2,2,4,5,5,4,1,5,4,4,18,1,"US"
5,5,1,1,4,4,5,5,1,1,1,1,47,2,"US"
5,3,4,4,4,4,4,3,2,4,3,3,16,2,"PH"
5,5,2,2,2,3,4,3,2,4,2,3,46,2,"US"
3,2,4,4,5,4,4,3,4,4,5,4,57,1,"AU"
4,2,2,4,2,1,5,4,2,4,3,2,30,2,"US"
5,4,1,2,4,4,5,4,2,3,1,4,15,1,"US"
4,5,1,1,4,2,4,5,1,1,1,2,22,2,"US"
5,5,1,1,3,5,5,5,1,1,1,1,18,1,"FR"
5,5,1,1,1,4,5,5,1,3,1,1,16,1,"GB"
2,5,5,4,4,4,1,2,4,4,2,5,22,1,"US"
4,3,5,4,5,2,5,3,2,5,4,3,16,2,"MX"
5,4,4,1,2,3,5,2,2,3,2,4,15,2,"US"
4,4,4,2,2,4,4,5,2,3,3,2,51,1,"US"
5,5,2,1,2,5,5,5,2,1,1,1,30,2,"US"
3,3,4,4,4,2,2,3,2,4,3,3,20,2,"IT"
5,5,1,4,5,4,5,5,1,1,4,1,24,1,"US"
3,2,4,5,5,2,1,1,4,4,4,4,34,2,"US"
4,2,4,4,4,4,4,3,4,2,4,2,18,2,"US"
4,4,2,2,5,4,5,5,1,2,2,2,38,1,"SA"
5,5,2,2,2,4,5,4,2,1,1,2,44,1,"US"
2,1,5,5,4,1,2,3,4,4,5,5,20,2,"US"
5,5,1,2,2,4,5,4,2,2,2,2,43,2,"AU"
4,1,5,5,5,4,2,2,4,4,5,2,21,2,"US"
2,2,4,4,4,4,2,1,4,4,4,3,44,1,"HK"
4,5,2,2,4,3,5,3,1,2,1,2,22,1,"PL"
5,5,1,1,4,5,4,5,2,2,1,4,32,2,"TT"
3,1,4,5,5,1,4,2,5,5,5,4,19,2,"BE"
4,4,2,1,4,4,4,4,2,2,2,2,26,1,"US"
2,4,4,2,4,5,4,4,5,1,4,2,54,2,"US"
4,3,4,4,4,4,5,4,1,2,2,2,26,1,"US"
5,3,4,3,5,2,5,3,1,2,2,4,16,2,"US"
4,3,1,4,4,5,4,3,2,2,2,3,18,2,"US"
4,4,2,3,1,5,4,4,1,3,3,4,46,1,"CA"
4,5,1,2,3,5,5,5,1,2,2,4,15,1,"GB"
4,1,4,4,4,3,2,2,4,4,4,4,25,2,"US"
4,3,2,2,2,4,4,3,2,2,2,2,36,2,"CA"
5,5,2,1,1,4,5,5,1,1,1,1,14,2,"US"
4,4,1,1,3,4,4,4,1,1,2,1,47,1,"US"
5,1,4,5,5,5,5,5,5,1,1,5,33,2,"MY"
4,4,1,2,4,2,4,5,1,2,2,2,24,2,"US"
5,5,2,2,4,5,4,3,3,2,1,1,15,2,"US"
3,4,2,2,5,5,5,3,2,2,4,3,18,2,"PH"
4,5,4,4,4,4,3,4,3,4,2,2,31,1,"US"
4,5,1,2,4,2,5,3,2,2,2,3,21,1,"LK"
3,1,1,1,1,3,4,4,1,2,1,1,31,2,"US"
3,2,4,5,5,5,5,5,4,5,5,5,14,2,"SG"
4,5,3,2,4,4,5,4,1,4,2,1,22,1,"NL"
5,5,1,1,4,5,4,5,1,1,2,1,21,1,"US"
4,1,2,4,2,2,5,2,1,2,2,5,29,1,"US"
4,2,4,3,4,4,2,3,2,2,4,3,16,2,"US"
5,5,1,1,1,5,4,5,2,1,3,2,26,1,"US"
5,3,2,4,5,5,5,3,2,2,3,2,16,1,"US"
5,3,1,1,3,4,5,4,1,2,1,2,14,2,"HK"
5,5,1,1,2,5,5,5,5,1,1,2,38,1,"US"
2,2,4,3,4,4,4,4,2,2,4,2,23,2,"CA"
4,1,5,4,4,2,4,4,5,2,5,4,16,2,"US"
4,3,1,2,3,4,4,4,4,2,1,2,31,2,"BR"
4,2,4,3,4,2,4,4,3,4,4,4,19,2,"US"
1,1,5,5,5,1,1,1,5,5,5,5,34,2,"DO"
5,4,2,3,5,3,4,4,1,1,2,3,14,2,"US"
4,4,2,4,2,4,4,3,2,2,2,4,20,2,"AU"
4,4,2,2,4,2,4,4,2,2,2,2,23,2,"PH"
4,4,4,2,3,4,4,4,3,3,4,3,18,2,"DK"
4,3,5,5,5,2,5,5,3,3,5,4,20,2,"US"
4,4,2,2,2,4,4,4,2,2,2,2,34,1,"AU"
4,3,2,1,2,5,5,4,3,2,2,1,25,1,"US"
5,5,2,2,4,4,5,4,1,1,1,2,26,1,"US"
3,4,2,2,4,4,5,3,1,2,2,4,23,2,"US"
4,4,4,4,5,2,5,4,3,4,4,3,20,1,"BN"
5,5,5,4,5,5,4,5,3,4,4,4,22,2,"PH"
4,4,2,2,5,2,4,3,2,2,2,2,28,2,"CA"
4,4,2,2,4,4,4,3,3,2,2,4,17,2,"US"
4,3,1,1,2,5,4,3,1,1,1,2,31,2,"CA"
2,1,5,5,5,2,1,2,5,4,5,5,28,2,"US"
1,1,5,5,4,5,5,1,2,2,4,5,24,1,"US"
5,4,1,1,4,4,5,5,2,1,1,1,26,2,"US"
2,1,5,4,5,2,1,2,5,5,5,3,18,1,"BG"
4,2,2,1,4,2,1,4,4,1,1,4,18,1,"GB"
4,4,1,3,1,5,5,4,3,1,1,1,21,1,"DK"
3,2,1,2,2,4,5,3,1,1,2,2,54,2,"US"
3,4,1,4,1,2,2,3,2,4,5,3,24,1,"IN"
4,3,2,2,4,4,4,4,1,2,2,4,17,1,"GB"
3,2,4,2,4,4,4,3,4,4,4,3,23,2,"AU"
5,5,5,5,5,5,5,1,2,2,3,3,20,2,"AU"
5,4,1,1,4,5,2,4,1,2,2,3,23,2,"GB"
3,1,4,4,4,2,3,3,3,4,4,4,50,2,"GB"
4,2,4,1,1,2,2,3,4,4,4,2,27,2,"US"
5,5,1,1,1,5,5,4,1,1,1,1,17,2,"US"
2,4,4,5,4,3,2,4,4,5,4,4,19,1,"US"
2,2,1,1,1,5,3,5,2,2,1,1,24,2,"NO"
5,5,1,2,5,3,5,1,1,2,1,2,17,1,"US"
4,2,4,4,5,2,3,3,2,4,4,4,17,2,"AU"
4,5,4,3,4,4,2,2,4,4,2,3,38,1,"US"
4,5,2,1,1,5,5,3,1,1,1,1,28,2,"GB"
4,4,2,4,4,4,5,4,1,2,4,4,24,1,"CA"
4,4,2,1,4,4,5,3,4,2,2,2,58,1,"US"
3,1,5,5,5,5,5,5,5,5,5,5,15,1,"US"
4,3,2,2,4,3,5,4,2,3,3,2,16,2,"US"
4,5,1,1,3,4,5,3,1,1,1,2,26,2,"GB"
4,4,2,2,4,3,5,5,1,5,2,3,22,2,"CA"
4,2,2,4,3,3,5,5,2,1,4,3,18,2,"DE"
4,3,2,4,5,4,5,4,2,1,2,3,18,1,"US"
5,5,1,1,1,5,1,5,4,1,1,1,39,1,"IN"
5,5,1,1,4,4,5,5,1,2,1,3,29,1,"US"
5,5,4,3,5,5,5,5,2,1,4,1,16,2,"US"
4,2,2,2,2,4,4,3,2,2,4,4,21,2,"US"
4,3,4,5,5,3,4,2,2,2,4,2,27,2,"IN"
1,1,5,5,5,1,4,1,2,4,4,4,19,2,"AU"
4,1,4,2,4,5,4,4,2,5,2,2,30,1,"US"
3,3,4,3,4,2,3,4,4,4,3,4,38,2,"US"
4,4,2,2,2,4,3,5,2,2,4,2,37,2,"US"
4,3,2,2,2,4,2,4,2,1,2,2,26,2,"US"
4,2,4,4,4,1,3,5,1,2,1,4,24,1,"A1"
4,4,2,1,2,3,4,4,2,2,1,3,20,2,"IT"
5,5,2,2,5,3,3,4,4,1,1,4,43,1,"DE"
5,5,2,2,4,4,4,3,4,2,2,1,36,2,"IE"
4,1,4,4,5,2,4,2,4,4,5,4,18,1,"GB"
5,5,1,1,5,4,5,5,1,1,1,2,24,1,"GB"
4,2,1,1,2,5,5,3,2,2,1,2,49,2,"US"
4,2,5,5,4,5,5,5,4,3,2,1,22,1,"QA"
4,3,4,3,4,2,5,3,3,5,4,3,18,2,"US"
4,4,2,1,4,4,5,4,2,2,2,2,18,1,"US"
2,4,4,2,5,4,5,2,3,3,4,4,21,2,"DE"
4,5,2,2,2,4,4,4,2,1,1,3,51,1,"US"
4,1,3,5,4,4,4,4,1,1,3,1,16,1,"US"
3,4,5,4,4,5,4,5,4,4,4,4,16,2,"GB"
1,1,5,4,4,2,3,2,3,4,5,5,34,2,"US"
1,3,4,3,5,5,5,5,2,1,1,5,25,2,"US"
4,4,2,2,4,4,4,3,3,2,2,2,18,1,"US"
5,3,3,4,4,4,5,3,2,2,2,3,17,1,"GB"
5,4,1,1,4,5,4,4,4,5,2,1,28,1,"IN"
2,4,5,4,2,4,4,4,4,2,5,4,16,2,"US"
3,4,4,5,3,3,4,4,2,4,4,4,48,2,"US"
5,4,4,2,4,5,4,4,2,2,2,4,20,2,"US"
3,4,2,5,4,2,3,2,2,1,4,3,20,1,"IN"
5,5,2,2,1,2,1,4,2,1,1,3,99,1,"US"
5,5,1,1,5,2,5,5,4,2,2,1,19,2,"US"
5,5,4,4,4,5,3,4,4,2,2,3,23,2,"US"
5,1,1,5,5,4,4,3,2,4,5,3,30,1,"GB"
3,2,4,4,4,4,4,4,2,2,3,3,17,2,"ID"
4,3,4,2,4,4,4,3,2,2,2,2,42,2,"US"
5,4,1,2,4,4,4,5,2,3,4,3,18,1,"MY"
4,2,5,5,5,1,4,1,4,5,5,5,56,2,"US"
4,4,1,1,5,5,5,2,1,1,1,3,21,2,"US"
5,5,2,1,1,5,4,4,3,2,2,2,32,1,"US"
5,4,4,2,3,5,5,5,1,1,2,2,16,1,"US"
2,1,5,4,4,4,3,2,5,4,3,4,24,1,"US"
4,4,2,3,4,4,4,4,2,2,3,2,19,2,"US"
1,1,1,1,1,1,1,1,1,1,1,1,16,1,"IN"
5,4,2,2,4,4,5,5,2,2,1,5,21,2,"GB"
5,2,2,4,4,5,4,2,1,2,2,3,21,1,"US"
4,1,4,4,2,4,2,4,2,2,4,2,54,2,"CA"
1,1,5,5,5,3,1,1,5,5,5,4,18,2,"US"
5,3,2,1,4,4,4,4,5,1,1,3,15,2,"ES"
4,5,4,1,5,3,2,4,2,1,1,1,51,1,"US"
5,4,2,2,4,4,4,3,2,4,2,2,38,2,"CA"
4,3,3,2,4,2,3,3,5,4,4,4,16,2,"SG"
4,5,1,4,4,5,4,5,4,2,1,4,18,1,"IE"
5,4,1,2,2,5,5,4,1,2,1,3,16,2,"US"
5,1,5,5,5,5,1,5,5,5,5,5,19,1,"US"
5,4,1,2,2,3,5,3,2,1,1,3,16,2,"US"
2,2,4,4,4,3,4,3,4,2,4,4,23,1,"US"
5,4,1,1,4,5,5,5,1,1,1,2,16,2,"US"
4,5,4,2,5,4,4,3,4,4,5,4,21,2,"US"
4,2,4,5,5,5,3,2,3,4,5,4,24,2,"US"
3,4,4,4,4,4,4,3,2,2,4,2,27,2,"ZA"
5,4,3,2,2,4,4,5,2,3,2,3,18,1,"US"
5,5,2,1,4,5,4,5,2,2,1,2,15,2,"US"
3,2,2,4,4,2,5,1,2,3,3,4,32,1,"US"
4,3,2,2,4,3,5,5,4,2,2,2,16,2,"CA"
5,5,4,1,4,1,5,5,4,5,2,1,22,1,"RU"
4,1,1,4,4,1,5,5,1,2,3,3,57,1,"GG"
4,4,2,1,5,4,5,4,2,2,2,1,20,1,"PT"
4,5,4,3,4,2,4,4,5,4,4,4,20,1,"NI"
4,4,4,4,4,4,4,4,3,2,2,2,18,2,"US"
2,3,5,4,3,4,4,3,5,4,5,4,18,1,"FR"
4,4,3,2,4,3,4,3,2,3,4,4,21,1,"NZ"
2,2,3,3,4,4,4,3,2,2,4,3,16,2,"AR"
4,3,4,5,4,2,2,3,3,4,5,4,16,1,"US"
4,5,2,2,4,2,5,5,2,4,2,4,20,2,"US"
4,3,5,1,2,4,4,5,1,4,2,5,55,2,"US"
4,1,5,1,5,5,5,4,5,5,5,4,21,2,"IN"
5,5,1,1,1,5,4,5,2,2,1,1,37,2,"GB"
4,4,4,3,2,5,4,4,4,3,4,2,22,2,"US"
4,1,3,5,4,3,5,3,3,2,3,2,33,1,"GB"
3,3,4,4,4,4,4,3,2,1,3,3,21,2,"TH"
4,3,3,4,3,4,4,3,4,4,4,3,20,2,"IN"
1,1,5,5,5,1,1,1,5,5,5,4,18,1,"GB"
5,5,1,1,2,5,5,5,2,2,1,2,18,1,"US"
1,1,5,5,4,1,1,1,5,5,5,5,17,1,"CA"
5,4,1,1,3,4,4,5,4,2,3,3,55,1,"PT"
2,4,5,4,4,5,5,4,4,2,2,2,34,1,"IT"
4,3,5,2,5,5,4,4,5,2,2,4,16,1,"US"
4,3,2,4,4,2,4,5,2,2,4,4,19,2,"US"
2,2,1,1,2,2,1,2,1,2,2,2,50,2,"US"
4,5,1,1,1,4,5,5,1,1,1,2,20,2,"US"
4,3,2,1,3,4,4,5,2,3,2,3,16,2,"GB"
3,4,5,5,5,3,5,5,5,4,4,4,26,2,"MY"
4,5,1,1,4,4,5,5,1,2,2,2,24,2,"US"
4,4,2,2,1,5,5,4,1,2,3,2,15,2,"US"
5,4,4,4,5,4,3,4,3,4,4,4,28,2,"US"
3,3,2,2,2,2,3,4,2,2,2,2,44,2,"TT"
4,3,4,2,4,3,4,4,2,4,3,3,18,1,"US"
4,2,2,2,4,3,4,2,2,2,2,1,31,2,"NZ"
5,4,2,1,4,4,5,4,2,2,1,2,19,2,"US"
2,2,3,2,2,2,2,2,2,4,3,4,50,1,"US"
3,4,4,4,4,4,4,3,2,3,2,5,19,2,"US"
5,5,2,2,3,5,5,4,2,2,2,2,27,1,"SN"
1,1,5,4,2,4,4,1,5,4,5,5,52,2,"US"
4,5,3,2,3,5,5,5,1,1,2,3,13,2,"US"
1,3,5,4,4,4,1,3,5,1,5,5,21,2,"DO"
5,1,1,4,5,4,5,4,1,1,1,5,17,2,"US"
1,1,5,4,4,2,3,3,5,4,5,3,13,2,"US"
2,2,4,4,4,2,1,2,4,4,4,4,17,1,"AU"
2,3,2,2,3,4,4,2,2,1,2,3,44,2,"US"
1,1,4,5,5,1,4,1,2,5,5,5,23,2,"US"
4,1,2,2,5,2,5,3,4,4,4,4,49,1,"US"
4,5,4,1,4,2,5,5,2,3,1,2,18,2,"US"
4,4,2,2,4,4,5,2,2,2,2,3,19,2,"US"
4,4,2,4,4,4,4,4,3,2,2,3,19,2,"US"
4,4,2,1,4,4,3,4,3,2,2,3,22,1,"PL"
4,1,5,5,5,2,3,2,5,5,5,4,20,1,"US"
4,4,4,4,5,2,5,3,1,2,1,3,20,2,"PL"
4,2,4,4,4,4,4,2,4,4,4,4,16,2,"US"
4,1,5,5,4,5,5,4,1,5,2,3,36,1,"US"
4,2,2,3,4,4,4,4,2,2,2,4,55,2,"US"
5,5,1,1,1,5,5,4,1,2,1,2,19,2,"US"
5,4,4,2,1,5,5,5,2,1,2,2,22,2,"GB"
5,5,2,2,3,4,5,5,2,2,1,1,17,1,"US"
5,4,2,1,2,4,5,5,2,2,1,2,22,2,"US"
4,4,2,1,5,1,3,5,5,2,5,3,22,1,"ZA"
2,2,3,4,5,2,2,4,4,2,4,4,24,1,"US"
5,5,1,1,1,5,5,5,2,2,1,1,25,2,"US"
4,2,2,3,4,4,4,5,2,2,4,4,18,2,"PH"
4,4,2,2,3,4,5,5,1,1,1,2,18,2,"US"
4,2,4,4,5,4,5,2,4,4,4,4,35,2,"US"
4,2,1,2,4,4,4,5,1,2,2,4,18,1,"AU"
4,2,4,2,2,4,4,4,2,2,2,2,22,1,"CA"
2,1,4,4,2,4,4,2,2,3,2,4,22,1,"GB"
5,5,2,3,5,5,3,4,2,1,2,2,17,2,"US"
5,1,5,4,5,5,5,3,5,5,5,5,28,1,"IN"
2,1,5,5,5,4,3,2,5,5,5,5,57,2,"US"
1,1,4,4,5,2,4,2,4,4,4,4,41,1,"CA"
4,4,1,1,2,3,5,5,1,2,4,2,23,2,"EG"
2,3,5,4,4,2,3,3,2,4,4,4,18,2,"US"
3,4,1,4,2,5,5,3,1,2,1,3,26,2,"US"
4,4,4,2,1,4,4,3,2,3,2,2,28,2,"US"
4,2,4,4,4,2,5,3,1,4,4,4,17,1,"US"
5,5,2,2,2,4,5,5,1,4,3,2,14,2,"US"
5,5,3,4,4,1,5,5,1,2,2,2,13,2,"GB"
4,4,2,2,2,4,4,4,2,2,4,4,22,1,"PH"
2,1,4,4,5,2,2,2,5,4,4,4,36,2,"US"
5,4,1,2,3,3,4,5,2,5,2,3,22,1,"HR"
1,4,4,5,3,5,2,5,2,5,2,4,16,1,"GB"
4,4,2,2,4,4,5,4,4,4,4,2,25,2,"AU"
4,4,1,1,4,5,5,4,1,1,1,2,43,1,"GR"
1,1,5,4,5,3,1,1,2,5,5,4,64,1,"US"
4,1,3,2,2,5,5,1,1,1,4,4,31,2,"US"
2,1,4,4,4,4,4,2,3,2,2,2,20,2,"GB"
2,5,4,3,4,3,5,3,1,1,1,3,22,1,"US"
4,2,3,4,4,2,4,4,2,2,4,2,16,2,"US"
4,4,2,1,4,5,4,4,1,1,2,4,20,1,"AU"
4,2,3,2,4,1,2,4,5,2,5,2,18,1,"US"
3,3,5,5,5,5,5,3,3,1,4,3,19,2,"US"
4,4,2,3,3,4,3,3,2,3,2,2,16,2,"CA"
5,4,2,4,2,4,4,4,2,4,2,2,20,1,"US"
4,2,4,2,4,4,2,3,3,4,4,3,43,2,"US"
3,1,4,4,4,2,5,5,2,3,3,3,19,2,"PL"
2,1,4,4,5,2,2,2,5,4,5,5,49,1,"US"
5,5,1,2,3,4,4,4,2,2,1,2,15,1,"US"
4,4,2,1,5,5,5,4,2,1,2,4,32,2,"GB"
1,1,5,4,5,3,2,3,5,5,4,5,45,1,"CA"
5,5,1,1,4,4,4,2,4,5,5,3,19,2,"US"
2,2,2,2,4,3,4,3,4,3,3,4,18,2,"PH"
5,2,2,1,1,4,3,3,1,2,2,2,26,2,"PT"
2,1,5,5,5,2,3,4,5,5,5,5,48,2,"US"
4,2,4,1,5,5,5,3,1,1,1,1,19,2,"PH"
4,5,2,2,4,2,5,5,4,2,4,4,51,1,"US"
1,2,4,4,4,3,2,3,5,5,4,4,20,1,"GB"
5,5,1,1,3,5,4,4,2,2,1,3,32,1,"US"
5,3,4,3,3,5,4,2,2,2,2,4,15,1,"US"
4,2,2,2,4,4,5,4,1,4,2,2,17,2,"AU"
4,4,5,4,5,4,3,2,4,2,4,2,22,1,"IN"
4,3,4,4,4,4,4,4,4,2,4,3,18,2,"US"
4,4,2,2,2,4,4,4,2,1,2,2,25,1,"AU"
5,2,1,1,5,4,4,4,1,1,1,2,18,1,"MY"
5,5,1,1,2,5,5,5,1,1,1,1,44,1,"US"
4,2,2,4,2,4,5,4,2,1,1,3,65,2,"US"
4,3,2,3,4,2,4,2,1,2,2,3,17,2,"US"
4,4,2,1,2,5,5,4,1,1,3,2,18,1,"MX"
3,4,4,5,4,5,5,5,4,3,5,4,25,1,"US"
5,5,1,2,2,5,5,4,1,4,2,2,31,1,"CZ"
3,2,5,4,4,3,5,2,2,2,4,4,17,1,"NO"
4,4,2,2,4,4,2,4,3,4,2,3,24,2,"IN"
3,3,2,4,5,4,5,3,1,2,2,3,21,1,"MX"
5,4,1,1,2,5,5,5,2,1,1,1,19,1,"US"
1,1,5,4,5,1,4,2,5,4,4,5,15,1,"US"
4,1,5,5,5,1,2,3,5,4,5,5,41,2,"US"
4,4,2,3,5,5,4,4,4,5,3,2,18,1,"US"
5,5,1,1,1,5,5,5,1,1,1,5,23,2,"ZA"
4,2,1,2,2,5,4,4,3,2,1,3,22,1,"CA"
4,4,2,2,3,3,5,3,2,3,2,3,16,1,"CA"
4,3,3,2,3,4,4,4,1,2,4,3,21,1,"GB"
4,4,1,1,2,4,4,5,1,1,1,2,57,1,"US"
4,4,2,4,4,2,4,3,2,4,2,3,16,2,"AU"
5,4,4,2,4,4,5,5,1,4,1,1,19,1,"US"
4,4,2,2,3,3,2,4,3,1,2,3,15,2,"RS"
5,4,2,2,2,4,4,4,2,2,2,2,17,2,"US"
5,4,1,1,5,4,5,5,1,2,1,1,21,1,"US"
4,4,3,2,4,5,5,3,1,2,3,3,18,1,"ZA"
2,4,5,4,3,4,4,3,5,4,4,5,21,1,"FI"
2,1,4,2,3,3,2,3,4,4,3,4,14,1,"US"
5,5,2,1,1,1,2,5,5,5,5,2,21,1,"IN"
4,1,2,4,5,4,5,4,1,1,4,5,23,2,"CA"
4,4,2,2,4,5,5,4,4,4,4,2,16,1,"US"
2,3,1,1,1,4,4,4,2,1,1,3,64,1,"US"
5,2,4,3,4,2,5,3,2,3,3,4,17,1,"US"
4,3,1,1,2,4,5,3,2,2,1,4,24,2,"US"
5,3,2,2,5,4,5,3,1,1,2,3,19,2,"KE"
4,5,3,4,5,2,1,2,5,5,5,4,22,1,"US"
4,3,2,1,2,4,4,4,2,1,1,2,42,2,"US"
4,3,4,5,5,5,4,5,2,2,3,4,16,1,"IN"
4,2,4,2,4,2,4,4,4,4,4,3,20,1,"GB"
4,3,2,3,4,4,5,4,2,2,2,3,20,1,"DE"
2,1,3,2,1,1,2,1,3,3,2,2,20,2,"PH"
4,4,2,2,4,5,4,4,2,2,2,4,21,2,"US"
4,3,4,4,4,4,4,3,2,2,2,3,23,1,"IN"
4,1,4,3,4,2,4,3,4,4,4,4,33,2,"US"
1,1,5,5,5,1,2,1,5,5,5,5,55,2,"US"
5,5,1,5,5,5,3,4,4,2,4,4,17,2,"PH"
5,5,1,1,4,4,5,5,2,2,1,1,29,2,"FI"
5,4,3,2,2,4,5,4,4,2,2,1,34,1,"US"
4,4,4,5,5,5,4,2,4,4,5,3,15,2,"US"
3,4,2,2,4,5,4,4,3,2,3,1,40,1,"AR"
5,3,1,1,3,5,5,3,1,1,2,3,16,2,"MY"
4,5,1,1,5,5,4,5,1,1,1,1,28,1,"IN"
5,1,5,4,4,5,4,4,2,2,1,5,16,1,"US"
4,5,3,2,2,4,2,5,3,1,2,3,22,1,"SG"
4,3,1,1,4,4,5,5,1,2,1,2,31,2,"US"
4,4,2,1,2,4,2,3,2,2,1,3,18,1,"US"
5,5,1,1,4,5,5,4,1,1,1,2,17,1,"US"
4,5,3,2,4,3,4,3,3,3,2,2,38,1,"US"
4,4,4,2,4,5,4,5,3,2,2,2,42,1,"GT"
1,1,1,4,5,3,5,3,4,5,1,3,15,2,"BR"
5,5,2,1,3,5,5,5,1,3,1,3,25,1,"US"
5,4,2,4,5,2,5,4,1,2,1,4,15,2,"US"
5,5,4,4,4,5,4,4,4,2,2,2,50,2,"CA"
4,4,2,2,4,4,4,2,1,3,2,4,32,2,"AU"
5,4,2,2,2,4,5,5,2,1,2,1,59,1,"US"
5,4,1,1,1,5,5,1,5,1,1,3,41,2,"US"
5,4,2,2,4,4,5,5,1,3,3,2,16,2,"US"
5,4,2,1,4,5,5,4,4,5,1,3,23,2,"GB"
5,4,3,4,3,4,3,4,4,2,3,3,36,2,"GB"
5,4,1,2,1,5,4,3,1,1,2,2,16,2,"US"
1,1,5,4,5,1,1,1,5,5,5,5,21,1,"US"
4,3,1,5,3,4,5,4,2,3,3,4,25,2,"CA"
1,1,4,5,5,2,4,4,4,2,5,4,236,1,"GB"
3,1,1,1,1,5,3,3,1,1,2,4,61,2,"US"
5,4,2,2,4,3,4,4,2,2,2,2,14,2,"US"
4,2,3,2,5,4,5,4,5,3,3,4,16,2,"US"
4,1,1,2,3,4,2,4,2,4,2,5,15,2,"US"
4,3,1,2,4,3,3,2,3,2,2,3,20,1,"IN"
5,5,1,1,4,5,5,5,2,4,1,1,24,1,"IN"
4,2,4,2,4,2,4,4,4,4,4,4,17,2,"US"
2,1,4,4,5,4,2,3,4,4,4,4,19,2,"US"
4,4,2,2,4,3,4,4,3,2,4,3,14,2,"US"
4,5,1,1,2,4,5,5,1,1,1,1,68,1,"US"
2,2,5,5,5,1,4,4,2,4,4,2,18,1,"VE"
2,1,4,4,4,4,4,4,2,4,4,2,19,1,"GB"
5,4,4,5,3,4,4,2,4,4,4,4,17,2,"US"
5,4,1,1,2,5,4,4,4,1,1,1,36,1,"IN"
4,4,2,5,4,5,4,4,4,2,1,2,17,1,"US"
5,5,2,3,4,5,4,2,1,2,2,3,17,2,"US"
3,5,1,1,1,5,5,4,1,1,2,4,50,2,"US"
4,5,2,2,4,5,5,3,2,2,2,3,24,2,"US"
4,4,4,4,4,2,5,3,1,4,4,4,45,2,"CA"
5,5,2,2,4,5,4,4,4,4,2,2,52,2,"US"
5,4,2,2,4,5,4,2,2,2,2,4,19,2,"US"
3,4,4,3,3,4,4,3,4,2,3,3,26,2,"NZ"
4,5,2,1,2,5,5,4,1,1,2,1,20,2,"US"
4,4,4,1,3,4,4,5,1,2,3,3,18,1,"FI"
4,4,2,2,5,2,4,3,2,2,2,3,20,1,"US"
3,2,5,4,5,4,1,4,4,2,5,4,17,2,"CA"
4,4,4,2,4,4,4,2,2,3,2,4,21,1,"AE"
4,4,1,4,2,4,4,3,2,2,2,2,58,2,"US"
5,5,4,1,4,5,3,4,3,3,2,3,21,1,"US"
4,4,2,1,3,5,5,4,2,1,1,2,32,2,"US"
4,3,2,2,4,4,4,5,2,2,2,2,21,1,"US"
4,4,5,4,5,2,2,3,4,4,4,4,21,2,"US"
5,3,2,2,5,3,5,3,2,2,2,2,31,2,"AU"
4,3,2,2,3,4,5,4,2,2,2,3,20,2,"CA"
4,4,4,2,5,5,5,3,1,2,4,2,21,1,"US"
5,5,2,2,4,2,5,3,1,2,1,3,14,2,"US"
4,4,1,1,2,2,2,4,4,4,4,1,22,1,"GB"
1,1,5,5,4,3,4,4,4,3,5,4,16,1,"US"
2,2,4,4,4,4,2,2,4,4,4,2,19,1,"US"
5,5,1,1,4,5,5,4,1,2,1,4,21,1,"US"
2,2,4,3,4,4,5,4,1,2,2,3,47,2,"US"
4,4,2,4,5,4,5,5,5,1,3,4,20,2,"AP"
4,4,2,5,3,5,4,5,4,2,2,2,26,2,"AU"
4,3,2,1,4,4,4,3,2,4,2,2,22,1,"HK"
4,3,2,3,3,4,4,4,2,2,2,3,24,1,"US"
4,5,1,1,1,5,4,2,5,1,1,2,24,1,"US"
4,3,4,3,3,4,5,5,2,2,4,2,24,2,"KR"
4,4,1,2,2,4,2,2,2,4,3,2,51,2,"AR"
1,2,4,2,4,2,5,2,1,4,2,4,42,2,"US"
4,2,2,4,5,2,3,5,2,4,4,5,20,1,"US"
1,1,3,4,4,2,5,5,1,2,5,4,19,2,"US"
4,2,4,4,5,3,4,4,1,2,4,3,29,1,"CA"
4,1,4,3,4,2,5,2,1,2,1,3,15,2,"US"
3,3,5,5,3,3,1,2,5,3,1,5,24,1,"AL"
4,2,2,4,4,4,4,2,2,2,2,2,62,2,"US"
4,1,1,2,4,3,4,2,4,4,2,4,15,2,"US"
4,4,2,4,3,2,3,3,2,3,2,3,15,2,"GB"
2,1,5,2,5,1,4,3,5,2,2,4,41,2,"KE"
4,4,1,1,5,4,2,4,4,4,1,4,42,2,"AU"
4,5,4,2,4,5,4,5,2,3,2,1,30,1,"US"
3,4,5,5,5,4,4,2,1,3,4,2,18,1,"CA"
2,2,4,2,5,2,4,3,2,2,4,4,29,1,"CA"
1,1,2,3,3,4,1,3,5,1,4,1,18,1,"AU"
4,4,2,2,5,4,5,5,2,1,1,2,23,1,"GB"
4,3,1,1,5,4,4,4,1,2,1,1,24,2,"DE"
1,4,5,4,2,2,1,5,3,3,4,2,20,1,"IT"
4,2,3,2,4,4,1,2,1,2,1,1,22,2,"US"
4,5,3,2,4,4,4,3,4,2,2,3,35,1,"TH"
1,1,4,5,2,4,5,5,4,4,4,4,31,1,"CH"
5,4,1,1,2,5,4,3,1,2,1,2,15,2,"AU"
4,2,4,2,2,4,4,2,4,2,2,4,48,2,"US"
4,4,2,2,4,4,5,5,1,1,1,4,17,1,"US"
3,4,2,2,5,4,4,4,2,4,3,4,26,1,"US"
4,4,2,2,5,4,4,2,2,2,2,2,15,1,"SG"
1,2,4,4,4,2,2,3,4,3,4,4,19,2,"GB"
5,2,1,2,4,5,4,4,1,4,2,2,50,1,"DE"
4,5,2,4,4,4,4,5,4,2,4,4,25,1,"FR"
2,4,4,4,4,4,4,3,4,5,4,4,20,1,"AU"
2,4,4,4,4,2,2,4,4,3,4,2,18,1,"CA"
2,4,5,2,5,1,4,5,4,5,4,4,30,1,"US"
5,5,2,4,5,4,4,3,2,2,4,4,23,2,"HR"
5,5,2,2,1,5,5,3,1,1,1,1,27,2,"US"
5,5,1,1,4,5,4,4,1,2,1,3,25,2,"US"
5,4,2,3,2,4,4,2,2,2,2,3,46,1,"US"
2,2,4,4,3,4,4,2,3,4,4,4,36,2,"GB"
4,4,2,3,4,5,4,4,2,2,1,2,19,1,"RS"
5,4,2,2,1,5,4,3,1,1,1,4,50,1,"TH"
4,3,1,1,3,4,5,5,1,4,2,3,30,2,"US"
4,4,1,2,1,5,5,4,2,2,4,4,17,2,"US"
4,3,3,3,5,4,3,4,2,2,2,3,31,2,"BR"
5,3,1,1,5,3,4,4,4,2,2,2,15,1,"PL"
1,2,4,4,4,2,2,4,4,4,3,4,24,1,"US"
4,2,4,4,5,5,4,3,2,2,2,1,18,2,"US"
2,1,5,5,4,2,4,2,4,2,2,2,24,2,"US"
3,1,4,3,4,2,3,2,3,2,5,3,17,1,"US"
4,1,4,5,5,4,4,2,4,4,5,5,23,1,"US"
2,1,4,4,5,2,5,3,3,3,4,5,19,2,"US"
5,5,1,2,2,5,5,3,1,1,1,3,24,1,"IN"
4,1,5,2,5,4,2,5,5,5,5,2,15,1,"AU"
4,2,1,4,4,4,4,2,3,2,1,2,21,1,"US"
4,4,2,4,4,5,5,4,2,3,2,1,21,2,"SE"
4,2,1,2,5,5,2,4,4,3,2,4,14,2,"IN"
4,3,2,4,5,2,4,2,3,3,1,4,39,2,"US"
4,4,1,2,3,5,4,3,2,2,1,4,55,1,"CA"
4,3,2,2,4,3,4,3,3,4,2,4,35,2,"GB"
4,4,4,5,5,4,4,4,4,4,4,4,52,1,"US"
5,4,5,2,5,5,5,3,1,4,2,2,16,2,"US"
4,2,1,2,1,4,5,3,2,2,3,1,17,2,"US"
4,5,5,2,4,5,2,4,4,1,4,5,26,1,"IN"
4,4,1,4,5,4,4,4,2,1,2,2,19,2,"US"
1,1,5,5,5,1,2,1,5,5,4,5,14,2,"GB"
4,3,2,4,5,2,4,4,4,4,3,2,22,1,"BE"
4,4,3,2,4,3,2,4,3,4,3,4,18,2,"RO"
1,1,5,5,5,1,5,5,1,1,5,5,22,2,"PH"
4,4,2,2,4,4,5,2,2,2,2,4,63,2,"CA"
4,5,2,2,2,4,5,4,2,2,2,1,18,2,"US"
2,2,4,4,2,4,4,4,4,4,2,4,26,1,"CA"
2,2,2,1,1,5,5,5,1,1,2,4,22,1,"US"
2,4,5,4,3,2,2,2,4,4,5,3,35,2,"US"
4,2,1,3,4,2,3,5,1,1,1,3,18,2,"PH"
4,4,4,4,4,4,4,4,4,4,4,4,22,1,"SE"
2,1,4,4,4,2,3,2,5,4,4,4,19,2,"GB"
4,4,1,2,3,2,5,4,2,1,2,3,25,1,"IN"
4,3,4,3,4,3,4,4,2,2,2,4,18,2,"GB"
4,2,1,1,4,4,4,4,1,1,1,2,68,1,"US"
4,3,2,2,3,4,2,2,3,4,2,4,61,2,"US"
4,1,1,1,1,5,1,2,4,4,4,1,39,2,"GB"
1,1,5,5,5,4,1,4,4,4,5,5,28,2,"US"
4,5,2,2,1,5,3,3,2,2,1,2,26,1,"GB"
4,4,3,2,2,5,4,3,2,2,2,2,42,1,"CA"
3,2,4,3,4,2,4,2,4,4,4,5,44,2,"US"
4,4,2,2,2,4,4,4,2,2,2,2,17,2,"US"
5,4,4,3,2,1,4,3,1,5,4,3,22,2,"US"
5,4,1,1,4,5,4,3,1,1,1,1,24,2,"IN"
4,4,2,1,2,4,4,4,2,2,2,2,48,2,"US"
3,5,4,4,2,4,1,2,4,4,2,3,37,2,"US"
3,4,2,4,5,2,3,2,4,4,4,4,38,2,"US"
3,4,2,4,2,5,2,4,2,2,4,4,23,1,"SG"
5,5,1,5,4,5,5,4,1,1,2,2,34,1,"PH"
2,3,2,4,2,5,4,2,2,1,1,2,42,2,"US"
5,5,1,1,2,5,5,4,2,1,1,1,63,1,"US"
5,5,2,5,1,5,5,2,1,1,1,1,26,1,"CA"
5,5,1,5,5,5,5,3,1,5,1,2,14,2,"PH"
5,3,4,4,5,5,3,4,2,2,2,2,32,1,"IE"
2,5,2,4,2,4,2,1,5,3,2,5,30,2,"US"
4,4,4,4,1,2,4,3,2,4,4,3,16,2,"AU"
4,2,1,1,4,4,5,3,2,4,1,2,15,1,"IL"
4,2,1,2,4,4,5,4,2,2,1,2,24,2,"US"
5,4,2,2,1,3,5,4,1,2,3,4,16,1,"HK"
2,5,5,4,5,2,4,3,4,2,5,4,22,1,"PL"
2,2,4,2,4,4,3,4,2,4,4,4,19,2,"GB"
1,1,5,5,5,1,2,2,4,5,4,4,14,1,"US"
5,5,4,1,2,5,2,5,5,1,4,1,39,2,"US"
5,5,1,4,5,5,5,4,1,1,1,3,13,2,"AU"
5,4,2,2,2,4,5,4,1,3,1,3,37,2,"US"
5,5,2,1,1,1,1,5,1,1,1,1,26,1,"CA"
5,4,1,2,4,4,2,4,3,2,1,2,71,2,"US"
5,4,2,4,5,5,4,3,2,2,2,2,56,1,"US"
2,2,4,5,4,5,5,3,4,2,5,3,17,2,"PA"
4,4,1,3,3,5,5,1,1,1,2,3,18,2,"US"
5,1,4,4,4,5,5,4,4,4,4,4,57,2,"US"
5,1,3,3,4,2,3,4,3,4,3,4,16,1,"US"
4,3,1,1,4,3,4,4,2,1,2,4,18,2,"EU"
4,3,2,3,3,3,5,4,2,2,2,3,15,2,"CA"
5,5,2,1,4,5,4,3,2,4,4,2,15,2,"US"
5,3,4,4,2,2,2,3,4,4,4,3,23,1,"IE"
5,4,2,2,4,4,4,3,4,3,2,2,15,2,"IN"
4,4,2,2,3,4,4,5,4,2,2,3,21,1,"GB"
4,4,4,3,5,2,4,4,2,4,2,3,15,2,"GB"
5,5,1,1,3,5,5,4,4,1,2,1,33,1,"US"
1,1,5,5,1,2,1,1,5,5,5,5,49,1,"US"
3,1,4,4,5,2,2,4,4,4,4,4,19,2,"SE"
4,2,1,2,4,3,5,3,1,3,1,4,36,1,"US"
2,1,4,4,4,4,4,3,4,2,2,4,48,1,"GB"
4,2,3,2,4,4,4,2,2,2,2,2,19,1,"PH"
4,4,4,2,2,1,4,3,1,2,1,1,31,2,"US"
2,2,4,5,5,4,5,4,4,3,4,3,20,1,"US"
5,4,2,2,4,4,4,4,2,2,2,3,14,1,"MX"
2,4,2,4,5,4,4,3,4,1,4,5,25,2,"CA"
4,1,4,4,5,4,4,3,1,4,5,4,26,1,"US"
4,3,4,4,4,2,4,4,5,4,4,3,16,1,"NO"
1,1,4,5,4,2,2,2,5,4,4,4,34,1,"US"
4,3,2,5,4,3,4,3,1,2,2,3,16,2,"US"
4,4,2,2,2,5,4,4,2,2,2,2,45,2,"US"
5,3,2,2,4,4,3,3,4,4,2,2,20,2,"US"
4,2,4,2,2,4,4,4,2,4,2,3,17,2,"CA"
5,5,2,2,4,4,5,4,4,2,2,4,20,2,"US"
5,5,1,2,3,5,5,4,1,2,1,2,23,2,"US"
4,3,1,1,2,2,2,3,2,1,2,2,54,2,"AU"
2,1,4,4,3,2,4,3,4,3,5,4,29,1,"US"
2,4,5,5,5,1,5,2,5,5,5,5,32,2,"US"
3,3,5,2,4,1,4,1,5,4,5,4,53,1,"IT"
5,4,2,4,4,4,2,4,4,2,2,2,14,2,"RO"
4,5,4,4,2,4,2,2,2,4,4,5,29,1,"US"
3,2,4,4,4,2,3,3,4,4,4,2,14,1,"US"
5,3,2,2,1,4,5,3,4,2,2,2,41,2,"GB"
2,1,4,4,5,2,2,3,4,4,4,4,28,2,"AT"
2,1,4,4,4,1,3,3,2,3,3,4,49,1,"US"
4,3,2,4,4,3,5,4,4,4,4,3,14,1,"US"
1,4,1,1,2,5,5,5,2,4,1,2,31,1,"IN"
3,2,5,4,4,5,5,3,4,3,4,3,21,2,"IN"
5,4,2,2,1,2,4,2,4,4,4,4,45,2,"GB"
5,4,5,4,4,4,4,4,4,4,5,4,17,1,"US"
5,4,1,2,2,4,2,3,1,4,3,1,29,2,"ID"
4,2,4,5,5,3,3,3,4,5,5,3,20,1,"GB"
5,5,1,1,4,5,5,5,1,1,1,3,48,1,"US"
4,4,2,1,2,4,4,5,1,2,1,1,44,2,"US"
3,2,2,2,4,2,4,3,2,4,2,4,19,2,"US"
5,4,2,5,3,2,4,5,4,4,5,3,17,2,"PK"
3,2,4,5,4,1,4,3,5,5,5,5,20,2,"EU"
4,4,2,3,5,4,3,5,1,2,3,3,15,1,"US"
5,4,4,3,3,5,5,5,5,5,5,4,18,2,"IN"
4,4,2,1,2,4,4,4,1,2,2,2,23,2,"AU"
4,5,2,2,4,4,4,4,4,3,3,2,22,1,"FR"
4,3,2,2,4,4,5,3,2,2,2,3,49,2,"US"
4,4,2,1,1,5,5,3,1,3,2,3,16,2,"US"
4,4,3,4,4,4,3,2,2,2,4,4,29,2,"US"
5,4,4,3,5,2,5,3,5,4,2,5,16,2,"US"
4,3,2,4,5,2,4,2,2,2,2,3,16,1,"CR"
4,4,3,3,4,2,5,3,3,2,3,4,17,2,"CA"
2,1,4,5,4,2,4,1,4,4,5,4,23,1,"AU"
5,5,1,2,4,4,4,4,2,1,2,2,25,2,"US"
5,4,2,2,4,5,5,4,1,1,2,4,17,1,"US"
4,4,1,2,4,5,4,3,4,2,2,2,60,1,"US"
4,3,4,2,3,2,4,3,2,2,2,3,16,1,"CA"
4,2,4,2,3,4,4,3,2,4,3,4,24,2,"DK"
4,3,2,1,2,4,5,5,1,3,3,3,65,1,"US"
5,5,1,1,1,5,4,4,1,1,1,1,50,2,"US"
4,4,2,2,4,4,4,4,2,2,2,2,27,1,"CA"
4,4,4,4,4,2,4,3,2,3,3,5,21,2,"US"
3,2,2,4,5,4,4,3,4,4,3,4,23,1,"ID"
4,2,3,4,3,4,4,3,4,2,4,4,15,2,"IE"
5,4,2,2,3,2,5,5,1,1,1,2,16,2,"US"
5,5,1,1,4,2,5,3,1,2,2,3,16,2,"US"
3,3,4,4,4,4,2,2,3,3,4,2,25,1,"MX"
2,1,5,4,5,3,2,4,5,5,5,5,21,1,"US"
4,3,5,5,5,3,5,4,2,5,5,2,21,2,"AE"
5,5,3,3,2,4,2,3,1,4,4,1,16,2,"US"
4,3,3,2,4,5,4,4,2,1,2,3,26,1,"US"
4,2,4,1,3,3,2,2,4,3,3,3,14,1,"US"
2,2,4,4,3,2,4,3,2,2,4,4,49,2,"GB"
5,4,1,1,1,4,5,3,1,2,1,2,34,1,"GB"
4,4,4,2,5,5,2,3,4,2,2,2,22,2,"US"
5,5,1,1,3,5,5,4,1,1,1,1,87,2,"AZ"
4,1,4,2,4,1,1,2,4,4,4,3,36,1,"US"
5,4,3,2,5,4,2,5,2,5,2,4,19,1,"DE"
4,2,4,4,4,2,4,3,4,4,4,3,33,1,"US"
5,4,3,2,2,2,4,2,4,4,4,2,19,2,"CA"
2,1,4,4,4,3,5,5,2,2,3,4,18,2,"IT"
5,4,2,2,4,4,5,3,5,2,1,1,17,2,"US"
5,4,1,2,4,4,4,4,2,2,1,2,26,2,"ME"
4,4,1,1,5,3,5,4,2,4,4,2,16,2,"BR"
1,1,3,1,2,2,1,5,4,2,4,4,48,2,"MM"
3,5,1,2,3,4,5,4,2,2,2,2,17,2,"US"
4,4,3,2,4,2,5,3,1,1,2,3,15,2,"US"
4,1,4,2,4,5,4,4,2,1,2,2,60,1,"US"
4,1,4,4,5,2,4,4,1,2,4,4,14,2,"US"
4,4,3,2,2,2,5,4,2,2,2,1,43,1,"CA"
1,2,5,4,5,1,4,1,5,5,5,5,18,2,"US"
5,5,2,2,5,4,5,3,1,2,1,1,15,2,"US"
5,4,4,5,4,5,4,3,3,3,3,4,26,1,"US"
4,3,4,3,2,4,5,3,3,4,2,4,15,2,"IN"
4,3,2,4,3,4,4,3,4,4,3,3,55,2,"CA"
3,4,2,2,5,4,4,4,2,5,5,4,16,2,"US"
4,5,2,1,2,4,5,5,1,1,2,2,21,2,"US"
5,5,1,1,1,5,5,5,1,1,1,1,30,1,"US"
5,5,1,1,4,5,5,5,1,1,1,1,20,2,"IT"
4,3,2,4,4,3,4,5,2,2,2,2,16,2,"PH"
4,4,3,1,4,4,3,4,1,4,2,3,16,2,"US"
5,5,4,1,5,4,5,5,3,1,1,3,23,2,"US"
5,5,1,2,2,5,3,3,2,2,1,2,17,2,"US"
4,2,1,2,4,4,4,4,1,2,2,3,21,1,"DE"
5,5,2,1,5,5,5,4,1,1,1,2,21,2,"PH"
4,2,4,5,2,4,4,1,5,5,5,4,18,1,"US"
4,4,2,3,5,4,4,4,2,3,5,4,18,2,"US"
4,3,4,4,4,4,3,2,4,4,4,4,18,2,"US"
5,5,2,2,4,5,4,4,4,4,2,2,33,1,"DK"
3,4,1,2,1,4,4,2,3,4,3,2,16,1,"GB"
5,4,2,2,4,4,4,5,2,2,2,1,27,1,"GB"
5,5,5,4,4,5,5,5,1,1,1,4,20,2,"US"
3,2,2,3,4,3,4,3,2,2,2,3,16,2,"ID"
4,2,2,2,4,4,4,4,2,3,1,4,39,1,"SE"
4,4,5,4,5,3,5,5,3,4,4,2,29,2,"IN"
5,5,2,1,2,5,3,3,2,1,1,1,28,2,"US"
3,5,4,4,2,4,3,4,3,3,5,3,15,2,"SG"
4,3,4,4,5,5,5,5,2,2,4,4,18,1,"MA"
4,4,4,3,2,4,4,3,2,2,2,3,33,1,"US"
2,3,2,2,3,3,4,2,4,4,2,3,46,2,"US"
4,5,2,2,4,4,4,4,4,4,4,2,18,1,"DE"
2,4,3,2,4,3,5,3,2,3,2,4,21,1,"IT"
4,4,4,3,2,4,3,3,4,4,4,4,37,2,"GB"
3,2,4,4,4,4,2,4,3,2,2,3,25,2,"EE"
4,2,1,4,3,4,5,3,2,1,1,3,19,2,"US"
2,3,5,4,4,3,4,4,4,4,4,2,31,1,"US"
4,4,2,1,5,4,4,5,1,2,2,2,25,2,"US"
4,4,2,2,4,4,5,4,2,2,2,4,62,2,"US"
5,4,1,2,4,1,2,1,5,4,2,4,17,2,"US"
5,5,2,2,4,4,4,3,1,2,2,1,27,1,"IN"
3,4,5,4,4,4,4,4,2,2,3,3,25,1,"IN"
1,1,4,5,4,2,2,3,4,5,4,4,36,1,"AU"
3,4,5,4,5,4,3,3,4,2,3,5,15,1,"IN"
4,5,2,3,5,5,5,4,2,2,4,4,16,1,"AU"
2,1,5,4,4,2,2,3,4,4,4,4,19,2,"US"
3,4,5,5,5,1,3,5,1,5,4,3,19,2,"US"
4,4,2,3,5,4,5,3,1,1,1,4,14,1,"LT"
1,1,5,5,5,1,1,1,5,1,5,4,19,1,"IN"
5,4,2,2,4,4,4,4,2,2,2,2,72,1,"US"
5,5,2,4,4,5,4,4,5,4,2,5,43,1,"US"
4,4,5,4,5,5,1,4,5,5,3,5,13,2,"BG"
4,4,2,1,3,4,4,2,2,4,4,2,30,2,"US"
4,3,4,5,3,5,4,3,4,4,4,3,21,2,"US"
1,1,4,4,2,2,2,4,2,2,4,2,32,2,"US"
4,4,2,3,1,5,5,3,3,3,2,2,22,2,"US"
1,2,4,4,4,1,1,4,3,4,5,4,17,2,"US"
4,2,4,5,4,5,2,2,4,2,5,5,37,1,"IN"
4,2,2,2,4,4,5,4,2,3,2,2,27,2,"GB"
4,4,2,2,2,5,2,2,2,2,2,2,22,1,"US"
5,4,2,1,3,2,5,4,1,1,1,3,15,2,"US"
4,4,4,4,4,4,4,2,4,2,4,2,23,1,"PK"
4,3,2,3,4,4,3,3,4,4,4,3,16,1,"US"
2,1,5,5,5,2,1,1,5,5,5,5,26,1,"US"
4,4,2,1,1,5,4,4,2,2,2,4,29,1,"US"
5,5,3,2,2,5,5,5,1,1,1,3,15,1,"US"
2,2,2,4,4,2,3,2,4,3,4,3,49,2,"GB"
4,5,2,2,4,5,4,4,2,2,2,2,28,2,"GB"
4,4,1,1,4,4,4,3,2,2,3,3,33,2,"US"
4,2,2,4,5,4,4,4,2,2,4,4,18,2,"US"
4,4,4,4,5,5,4,4,4,2,2,3,20,1,"US"
3,3,2,2,3,4,2,4,2,2,2,3,16,2,"CA"
4,4,2,2,3,4,4,3,3,4,2,4,22,1,"US"
4,4,2,2,3,4,4,4,2,1,2,4,33,1,"US"
5,5,2,2,5,5,5,5,2,1,2,4,28,1,"IN"
4,3,2,2,4,4,5,5,1,1,2,1,36,2,"US"
4,1,5,5,5,4,1,1,4,5,5,5,32,1,"US"
4,4,1,1,3,2,4,5,2,1,1,2,19,2,"IN"
5,4,1,1,3,4,4,3,2,2,1,3,18,2,"US"
5,4,1,1,4,5,5,4,2,2,1,4,15,2,"US"
1,1,4,5,4,1,2,2,4,4,4,4,46,1,"ES"
4,2,1,3,5,2,4,4,3,1,3,2,17,2,"US"
3,2,5,4,1,2,1,2,5,5,4,4,23,2,"SG"
4,5,5,5,5,1,5,1,1,5,5,5,14,1,"US"
4,4,3,2,2,2,4,4,1,2,2,3,16,1,"GB"
5,2,2,2,4,4,4,4,2,2,2,2,23,1,"ID"
2,4,4,4,4,2,4,2,4,4,4,4,30,2,"US"
4,2,2,2,5,4,5,4,2,1,4,4,31,2,"US"
5,5,4,1,5,1,5,3,5,1,2,3,20,2,"US"
4,4,2,2,4,5,4,4,3,2,2,4,20,2,"US"
4,5,2,2,4,4,4,3,2,1,1,2,25,2,"US"
5,4,3,3,2,5,5,3,4,2,2,4,24,2,"NG"
5,3,4,3,4,4,4,5,3,2,4,4,23,1,"US"
4,3,1,2,2,4,4,4,1,1,1,4,24,2,"CA"
4,1,1,1,5,5,3,5,4,5,1,5,44,2,"RO"
4,5,2,2,4,2,5,4,2,2,2,1,17,1,"US"
4,2,4,4,5,3,4,3,3,4,4,4,23,1,"US"
4,3,2,4,5,4,5,5,2,4,2,2,24,2,"US"
2,4,2,5,2,5,5,5,2,2,1,2,17,1,"US"
5,5,1,1,3,5,5,4,1,2,1,4,18,1,"US"
4,3,4,4,3,3,2,3,5,4,4,3,18,1,"RO"
3,2,4,4,5,3,2,2,3,4,4,3,24,1,"GB"
4,1,3,5,2,3,4,1,3,5,2,3,31,2,"US"
4,2,4,2,1,4,4,4,2,2,1,2,60,2,"CA"
4,4,2,2,3,5,5,4,2,2,2,3,20,2,"KR"
2,2,4,4,2,5,2,4,5,2,4,4,27,1,"CA"
4,2,2,2,2,4,3,3,4,2,2,2,72,1,"US"
5,4,1,3,2,4,4,3,1,2,1,3,25,2,"US"
4,3,2,4,4,3,2,2,4,4,5,4,19,2,"ZA"
4,4,1,5,3,5,4,5,5,5,5,5,21,1,"US"
2,4,1,1,2,4,3,2,5,2,4,3,41,2,"US"
4,2,4,5,5,3,4,3,3,4,5,5,24,2,"US"
1,1,4,5,2,1,2,1,4,5,5,5,36,2,"MX"
5,3,4,4,5,5,4,5,2,2,2,2,43,1,"US"
5,5,5,5,5,5,5,5,5,5,5,5,42,1,"GB"
3,2,4,4,1,4,4,1,4,4,4,2,59,1,"GB"
4,4,3,2,4,4,4,3,2,2,3,3,23,2,"IN"
4,5,2,2,4,4,5,5,1,2,2,2,14,1,"HK"
5,2,1,3,4,5,4,5,2,2,1,2,16,1,"US"
4,2,2,2,3,4,4,4,3,4,4,3,33,2,"GB"
2,3,5,5,5,2,4,3,3,4,4,4,18,1,"GB"
4,3,4,2,4,3,4,2,2,2,2,2,20,2,"US"
4,4,4,5,5,5,4,2,4,5,5,3,42,1,"IN"
5,3,1,5,1,5,5,4,2,1,1,1,31,2,"US"
2,2,4,4,5,3,3,3,4,2,4,3,13,1,"US"
5,5,1,1,4,4,5,4,4,1,1,4,56,1,"US"
4,3,2,2,4,4,3,4,3,2,4,4,32,1,"US"
5,2,1,4,1,5,5,4,1,1,3,1,40,2,"US"
4,1,5,4,4,4,2,4,5,2,4,4,23,2,"NZ"
4,3,1,3,4,5,4,5,5,1,1,1,23,1,"IN"
4,4,2,4,5,3,4,3,4,4,2,4,31,2,"GB"
4,1,4,5,5,2,1,2,5,4,4,5,24,2,"IE"
4,4,2,2,2,5,5,4,1,2,1,1,20,2,"US"
4,3,4,4,5,5,5,3,2,4,3,4,17,1,"CA"
5,4,2,2,4,4,4,4,2,3,4,2,21,2,"IN"
4,4,2,1,2,4,4,4,1,4,1,2,50,1,"US"
5,4,2,2,3,5,5,5,1,2,1,1,65,2,"GB"
5,2,2,3,3,2,1,4,1,1,1,2,21,2,"PH"
4,3,2,4,5,5,4,3,4,2,2,2,19,2,"NP"
4,4,2,2,2,4,4,4,2,2,2,2,21,1,"GB"
4,4,1,2,2,5,4,3,2,2,2,3,50,2,"US"
3,2,4,3,4,2,2,3,4,4,3,2,18,2,"US"
2,5,5,5,5,3,4,3,4,4,5,3,35,2,"NZ"
5,4,1,1,2,5,5,5,1,1,1,3,24,1,"AU"
4,4,2,1,4,4,5,3,2,2,1,2,38,2,"US"
4,4,4,2,5,5,4,5,4,2,4,3,23,2,"US"
4,5,1,1,3,5,5,3,1,1,2,2,21,1,"US"
5,4,1,2,4,4,4,4,4,2,2,2,60,1,"US"
4,3,1,1,2,5,2,5,4,2,1,1,56,1,"US"
2,1,4,2,4,5,2,2,4,3,3,3,42,1,"US"
5,2,1,2,2,2,5,4,2,1,1,4,23,1,"CA"
4,2,4,4,4,4,4,3,4,4,4,4,38,1,"IE"
4,4,3,4,5,4,2,2,5,5,5,5,44,2,"CA"
4,4,1,4,4,5,5,3,1,2,2,4,16,2,"US"
5,5,1,2,2,4,5,5,4,1,1,2,22,2,"US"
2,1,2,5,4,4,3,3,2,4,2,4,21,1,"GB"
5,5,2,5,2,5,5,4,1,1,5,5,48,2,"LU"
4,1,4,5,5,5,5,1,1,5,5,4,21,2,"US"
4,4,5,2,5,2,5,5,2,4,4,2,19,1,"NO"
2,2,4,4,4,2,2,3,4,4,4,3,50,1,"GB"
4,4,2,2,4,4,4,4,2,1,2,2,26,1,"US"
5,1,1,4,5,4,5,3,4,4,4,4,28,1,"US"
5,5,2,1,2,1,4,4,2,1,1,4,19,2,"PH"
4,2,5,5,5,2,3,3,5,4,5,4,18,1,"US"
3,3,4,3,4,3,3,4,4,3,4,3,26,2,"IT"
5,5,1,1,4,5,5,5,1,5,1,1,55,2,"US"
5,5,1,3,4,5,5,3,1,1,1,1,17,1,"ID"
4,1,1,3,4,5,5,5,3,2,2,4,19,2,"AU"
3,3,3,2,2,4,5,3,3,3,2,3,17,1,"US"
1,1,5,5,4,2,4,2,4,5,5,3,24,1,"SE"
2,2,4,4,4,4,4,4,1,2,4,3,30,1,"CA"
2,5,5,5,1,1,2,2,4,4,4,4,18,1,"AU"
2,2,4,4,4,3,4,4,1,2,4,3,19,2,"US"
4,2,4,2,4,2,5,2,4,5,2,2,31,2,"US"
5,2,2,4,2,4,4,4,2,2,3,4,21,1,"US"
4,2,3,1,3,2,2,4,3,3,3,4,21,2,"GB"
4,3,4,4,5,4,5,3,3,2,4,4,43,1,"CA"
4,4,3,2,5,4,5,5,2,2,2,4,23,2,"PH"
4,4,1,1,2,4,4,4,2,1,1,4,37,1,"US"
4,3,2,5,4,4,4,3,4,4,5,3,15,1,"US"
5,4,1,2,3,2,5,5,1,1,1,3,59,2,"US"
2,2,5,4,4,2,2,4,4,4,5,4,17,1,"IE"
5,3,4,4,4,5,5,5,1,2,2,3,16,1,"CA"
4,1,3,4,5,2,5,4,2,2,1,2,19,1,"IL"
4,5,4,4,5,5,3,4,4,4,4,3,45,1,"GB"
5,4,1,1,2,4,4,5,2,1,1,2,32,1,"HR"
5,4,2,1,4,3,5,4,1,1,1,3,19,2,"US"
5,5,1,1,4,4,4,4,1,2,1,2,26,1,"US"
3,2,2,2,2,3,4,2,3,2,2,3,60,2,"CA"
4,4,1,2,2,4,5,4,1,1,2,2,56,2,"US"
4,3,4,4,3,4,4,2,2,2,4,4,21,2,"PH"
5,5,2,2,2,5,4,5,2,1,2,2,26,1,"US"
2,1,4,5,4,4,1,2,4,3,5,4,22,2,"US"
4,2,1,1,2,4,4,2,1,1,2,5,56,1,"US"
3,2,5,4,4,2,4,2,3,5,5,4,18,1,"US"
4,5,1,1,3,5,4,5,1,1,1,2,53,2,"US"
5,4,3,2,4,4,5,4,1,2,2,4,18,2,"US"
4,4,4,2,2,5,5,4,1,1,2,2,27,2,"US"
5,4,2,4,4,4,5,3,1,1,1,2,21,2,"US"
4,4,2,2,5,2,5,4,4,2,2,4,24,2,"US"
4,2,2,4,1,5,5,4,1,5,2,2,17,2,"US"
5,5,2,1,3,4,3,3,4,3,2,4,53,1,"IT"
4,4,1,4,4,4,5,4,1,2,2,3,24,1,"GB"
2,1,4,4,5,4,4,3,4,4,4,3,20,1,"US"
4,5,2,1,4,4,5,4,3,2,1,4,19,2,"US"
2,3,2,4,4,4,4,2,1,3,2,4,25,2,"US"
4,4,2,4,4,2,4,3,2,3,2,3,19,1,"CA"
1,1,4,4,4,4,4,2,4,5,5,5,26,1,"GB"
5,4,2,3,5,4,4,4,2,2,2,2,29,1,"FI"
4,4,2,1,1,4,4,5,1,1,3,4,16,2,"IE"
5,2,3,2,5,3,5,5,2,2,2,2,31,1,"US"
4,2,4,1,4,4,4,4,5,1,4,4,16,2,"US"
4,1,3,4,4,4,4,2,2,2,3,4,46,1,"IE"
4,2,4,3,4,4,4,2,2,4,4,4,30,2,"GB"
1,1,4,4,2,4,4,4,2,2,4,4,38,2,"US"
4,4,5,4,1,5,4,2,4,1,2,4,30,1,"US"
2,4,4,2,5,1,3,2,2,4,1,4,13,1,"US"
4,4,1,2,4,4,4,3,1,2,2,2,15,2,"CN"
4,1,3,2,5,4,4,3,2,3,1,4,19,1,"AR"
5,4,1,2,4,5,4,5,1,2,2,2,31,1,"TR"
4,1,4,4,4,2,5,4,2,4,4,2,33,1,"CA"
5,4,4,1,5,4,3,4,4,2,2,1,30,2,"EU"
4,1,2,5,4,4,2,2,1,3,3,2,47,1,"GT"
4,4,3,2,2,1,4,3,3,4,2,4,16,2,"CA"
4,4,1,2,3,4,5,5,1,1,2,2,19,1,"NZ"
2,2,4,4,4,2,2,3,4,4,4,2,20,2,"US"
5,5,2,1,4,5,4,3,4,1,4,4,31,1,"A1"
4,2,2,2,4,3,4,4,2,4,2,5,38,2,"GB"
2,3,5,2,4,1,2,2,5,4,4,3,17,2,"US"
2,2,4,4,4,2,1,1,4,5,5,4,55,1,"US"
4,4,2,1,3,3,4,4,2,2,1,2,44,1,"US"
5,3,2,2,2,5,4,5,4,2,2,2,32,1,"IN"
5,4,2,1,2,5,4,3,5,4,4,2,18,2,"PL"
4,4,4,4,2,4,4,3,2,2,2,4,16,2,"NZ"
3,4,4,4,4,4,5,4,2,2,2,2,37,1,"IN"
5,4,2,1,1,5,5,5,1,1,2,2,17,1,"CA"
5,4,2,2,4,4,5,4,2,3,2,2,50,1,"US"
2,4,4,4,5,2,2,4,4,3,4,4,27,1,"CA"
2,4,4,4,4,3,4,3,2,2,4,3,29,1,"US"
4,5,3,4,5,5,3,2,2,2,4,3,21,2,"US"
5,5,2,2,4,4,5,4,2,2,2,1,20,1,"NZ"
4,2,2,2,1,4,4,4,2,2,2,2,60,2,"US"
5,5,1,1,4,2,4,5,5,2,2,1,48,2,"US"
4,4,3,4,5,4,3,3,2,2,3,2,19,1,"IN"
3,1,4,5,5,4,5,4,5,3,5,5,14,2,"AU"
5,5,2,1,3,5,5,3,2,2,1,1,33,2,"US"
4,4,1,2,2,5,5,4,2,2,2,3,63,2,"CA"
5,5,2,1,1,5,4,4,1,2,2,2,21,2,"US"
2,1,5,5,4,1,1,1,5,5,5,5,22,2,"CO"
4,2,4,2,4,5,5,3,2,2,1,3,16,2,"BR"
4,4,2,2,2,4,4,4,3,2,2,4,60,1,"US"
3,2,4,2,2,4,4,2,2,2,4,4,14,1,"SG"
2,1,4,4,5,2,3,2,4,4,5,4,60,1,"US"
2,2,4,2,4,4,4,3,2,3,2,4,21,2,"GB"
4,2,5,4,4,4,5,4,1,4,4,4,19,1,"US"
2,3,3,3,4,4,5,4,3,2,3,3,21,2,"US"
4,2,4,4,4,3,3,4,5,4,4,5,48,2,"US"
4,2,2,3,2,4,4,3,2,3,2,2,37,1,"US"
4,5,2,5,3,4,5,2,2,4,4,5,22,1,"GB"
5,5,2,1,2,5,5,5,2,1,1,1,28,1,"ES"
3,4,5,4,5,5,4,3,2,2,4,4,15,2,"US"
4,5,2,2,4,4,4,3,4,1,4,4,19,1,"GB"
3,4,4,2,1,4,5,5,2,1,2,2,29,2,"GB"
4,4,1,2,1,4,5,4,2,2,2,3,19,1,"US"
2,1,4,4,5,1,4,3,2,4,5,4,16,1,"US"
5,4,1,1,4,3,5,4,2,2,2,3,41,2,"US"
4,2,4,4,4,2,4,4,2,2,4,4,17,2,"ID"
3,1,2,4,2,4,2,3,3,3,3,4,59,1,"US"
5,4,2,1,1,5,5,5,2,1,1,1,54,1,"GB"
4,4,2,3,4,4,5,2,1,2,1,4,28,2,"US"
4,5,2,3,1,5,1,1,1,1,2,2,28,2,"US"
5,4,1,4,4,5,4,5,1,3,2,1,14,1,"IL"
5,5,2,2,4,4,5,4,1,1,2,3,20,2,"US"
5,4,1,1,2,4,4,4,1,2,2,2,36,2,"US"
5,5,2,1,4,4,4,4,4,2,2,4,35,1,"US"
4,5,4,1,5,2,5,2,2,1,2,5,18,1,"PL"
5,4,2,2,3,5,5,5,1,1,1,5,15,1,"US"
4,4,5,4,4,2,2,2,4,2,4,4,41,1,"US"
3,2,1,1,5,1,4,3,1,2,2,3,52,1,"US"
5,2,2,2,2,4,5,4,1,1,2,2,43,1,"US"
4,1,3,1,4,3,4,2,4,2,4,3,43,1,"US"
1,1,5,5,5,1,1,2,4,1,5,3,18,2,"GB"
4,4,5,5,4,4,4,4,4,4,4,5,18,2,"US"
2,5,4,4,4,3,4,2,4,4,5,2,26,1,"US"
3,3,3,1,3,5,4,3,5,1,2,3,19,1,"US"
4,1,3,3,1,3,2,3,2,2,4,3,15,2,"PH"
4,4,5,4,5,4,4,4,5,5,5,5,30,1,"AU"
2,2,4,4,4,4,4,3,2,2,2,2,45,2,"CA"
5,4,2,2,2,4,4,4,1,2,2,2,51,2,"US"
1,5,2,2,4,4,1,5,3,2,3,3,23,1,"IN"
4,4,1,1,4,2,2,4,2,2,2,2,21,2,"US"
4,3,3,4,3,5,5,1,1,1,1,4,22,1,"ID"
5,2,4,2,2,5,5,2,1,2,4,4,20,2,"US"
5,5,1,1,3,5,4,3,2,1,1,3,19,1,"ZA"
2,1,4,4,4,4,2,3,2,2,2,4,36,1,"US"
5,3,2,2,3,5,5,4,4,4,1,2,21,1,"US"
4,3,4,2,3,2,5,4,3,1,4,4,14,2,"US"
4,1,4,4,5,4,3,1,5,1,4,4,37,1,"US"
4,4,2,2,2,4,5,4,4,2,2,3,30,2,"US"
5,5,2,3,4,4,4,4,1,1,1,2,17,1,"US"
2,4,2,4,2,5,4,4,2,2,4,4,18,1,"AU"
3,2,5,3,4,2,4,4,4,4,4,4,23,2,"NG"
4,2,2,3,2,4,4,3,4,4,1,3,46,1,"US"
4,2,5,4,4,1,4,4,5,4,5,5,23,2,"RS"
2,1,5,5,5,4,5,3,4,3,4,3,20,1,"FI"
1,4,4,5,5,1,4,1,4,2,3,5,16,1,"GB"
5,5,5,1,5,1,5,1,1,5,5,5,31,1,"US"
3,3,4,2,1,5,5,4,2,2,2,4,47,2,"US"
4,5,3,4,5,3,3,2,4,4,4,4,45,2,"CA"
2,2,5,4,4,2,2,4,5,4,5,1,46,2,"US"
2,4,5,4,4,2,3,3,4,4,4,4,23,2,"PH"
4,3,4,3,2,4,4,2,2,2,2,2,36,1,"US"
5,4,1,2,4,4,5,2,1,2,4,2,46,2,"US"
4,4,1,1,4,4,4,4,1,4,1,4,51,2,"US"
4,4,1,2,3,4,5,4,2,2,1,2,20,1,"US"
5,5,1,1,4,5,5,5,1,1,1,2,36,2,"PT"
5,4,2,1,3,4,5,4,1,2,1,2,33,2,"FI"
5,3,4,3,2,4,5,3,4,3,2,4,16,2,"US"
5,3,4,2,3,4,5,5,3,2,2,3,36,2,"IE"
5,4,1,4,4,5,4,4,2,1,2,5,24,1,"PH"
4,3,2,2,4,4,4,3,2,2,2,3,35,1,"US"
2,1,4,4,4,4,5,4,1,2,2,3,34,2,"US"
4,2,2,2,4,4,4,5,3,3,4,3,34,2,"ZA"
4,2,4,5,5,2,2,4,3,3,4,4,17,2,"US"
5,4,1,1,1,5,5,3,2,2,1,1,67,1,"US"
5,4,1,1,2,4,5,5,1,1,1,2,45,2,"US"
5,5,2,2,1,5,2,2,1,1,2,1,48,2,"US"
5,4,1,1,3,5,5,3,1,1,2,3,15,2,"AU"
5,3,2,3,5,1,1,5,3,3,3,2,33,1,"IN"
5,4,4,2,2,4,4,4,2,2,2,2,45,2,"US"
5,5,4,4,5,2,5,4,5,5,5,2,18,2,"IN"
3,5,5,5,4,4,1,1,5,5,5,3,17,1,"US"
3,2,4,3,5,2,4,2,4,4,4,3,29,1,"FR"
4,4,2,3,5,4,4,3,4,2,2,3,19,1,"GB"
2,2,4,4,4,3,4,4,2,3,4,3,17,2,"AU"
5,5,1,1,4,3,4,4,2,4,1,3,34,1,"AU"
5,4,2,2,1,5,5,3,2,1,1,1,29,1,"IN"
5,4,1,2,5,4,5,3,1,1,1,2,20,1,"US"
4,5,2,2,1,4,4,4,3,2,2,2,25,1,"US"
5,5,1,1,4,5,5,5,2,1,1,2,17,1,"US"
1,5,5,4,4,2,2,2,4,2,4,4,38,1,"US"
4,4,2,2,1,1,4,4,2,1,2,2,56,1,"US"
4,3,3,4,5,5,5,4,4,2,4,2,17,2,"VE"
4,3,4,2,3,4,4,4,2,2,2,3,24,1,"DE"
4,3,1,3,2,4,4,3,2,2,1,3,23,2,"US"
1,1,5,5,2,3,4,2,3,4,4,5,39,2,"US"
2,1,4,4,2,4,3,2,4,4,4,2,53,1,"US"
4,2,2,2,2,4,5,3,2,1,2,3,29,1,"US"
4,2,1,1,2,4,3,2,2,2,2,4,33,1,"PK"
4,2,5,4,2,5,1,3,5,4,4,4,18,1,"GB"
5,4,1,1,2,4,4,4,4,4,2,2,21,1,"AU"
4,4,3,2,2,4,4,4,2,2,2,4,27,2,"US"
5,5,2,2,5,5,5,4,1,2,1,2,16,1,"MX"
4,1,4,5,2,4,4,3,4,3,4,4,19,1,"IE"
4,3,1,2,2,2,4,3,1,1,1,1,22,2,"US"
5,5,1,1,5,5,5,1,1,1,1,1,15,1,"US"
4,4,4,4,4,4,4,3,3,4,4,3,18,1,"US"
2,2,4,4,4,3,4,3,2,3,4,4,29,2,"SG"
5,3,2,1,2,4,4,4,2,4,2,3,15,2,"US"
5,5,4,2,1,5,5,5,1,1,4,2,18,2,"GB"
4,1,2,4,4,3,2,3,2,1,2,2,17,2,"LB"
4,5,2,1,2,4,4,5,3,1,3,2,37,1,"FI"
4,4,5,4,5,2,2,2,4,4,4,4,19,1,"MX"
4,2,4,1,4,2,4,4,4,2,4,4,21,1,"US"
4,3,2,4,4,3,4,5,2,2,4,3,29,1,"RO"
1,2,5,1,2,2,1,4,5,4,4,4,20,1,"US"
4,3,2,2,4,5,3,3,2,3,1,3,20,1,"IN"
4,3,2,2,2,4,4,4,2,2,2,3,22,1,"US"
4,5,2,1,2,3,4,5,2,1,2,5,41,1,"GB"
3,4,1,1,4,5,5,5,1,1,1,2,26,2,"AU"
4,3,2,1,1,5,5,3,2,2,4,2,52,2,"US"
4,1,5,5,1,5,5,5,1,2,4,4,35,1,"PK"
4,2,2,1,4,4,4,2,2,4,2,2,30,2,"CA"
2,1,3,1,2,3,4,3,2,1,1,2,53,2,"US"
2,2,4,4,4,1,1,2,4,4,5,3,20,2,"US"
4,4,3,2,4,4,4,3,3,2,2,3,31,2,"US"
4,3,2,2,4,2,3,4,3,4,2,2,27,1,"DE"
3,1,2,4,3,4,5,2,2,4,3,2,22,2,"BR"
4,4,5,4,4,4,5,2,5,2,4,5,17,1,"US"
3,4,4,4,5,3,2,3,4,4,4,4,18,1,"US"
2,3,4,4,4,4,4,4,2,2,3,3,18,1,"US"
3,5,2,1,2,5,5,4,2,1,1,1,19,2,"IN"
4,2,1,2,1,5,4,2,1,1,1,4,28,1,"IN"
3,1,2,2,4,2,4,2,2,4,3,4,18,2,"GB"
4,4,2,4,4,5,5,5,2,2,1,2,23,1,"US"
5,4,2,4,4,5,4,2,1,2,2,4,22,2,"PH"
4,3,3,2,4,3,4,4,1,2,3,3,24,2,"US"
2,2,2,5,2,4,5,3,2,2,5,4,15,1,"CA"
4,4,2,2,2,4,4,3,2,2,2,2,36,2,"US"
5,4,2,1,2,4,3,4,1,2,1,2,19,1,"US"
2,2,4,4,1,2,4,4,4,3,4,4,51,2,"US"
3,2,4,4,5,2,2,3,1,3,4,4,19,2,"US"
4,4,1,3,2,4,5,4,1,1,1,5,56,2,"US"
5,5,3,1,5,1,5,1,1,1,1,2,18,2,"US"
4,2,4,2,1,4,4,4,4,2,1,3,17,2,"US"
2,2,4,3,2,2,2,2,3,4,4,4,50,1,"AU"
5,1,2,4,5,5,2,4,3,1,5,1,32,1,"US"
4,3,2,2,5,2,4,4,5,4,2,1,17,1,"US"
5,4,2,1,2,4,5,5,1,2,2,2,25,2,"AU"
4,4,4,3,4,4,5,5,4,4,3,4,46,2,"US"
4,4,1,2,1,5,4,4,1,1,1,1,56,2,"US"
5,3,1,1,2,4,2,5,1,2,1,5,25,1,"MN"
2,2,2,4,4,3,2,2,3,4,3,2,20,2,"GB"
2,5,4,3,5,2,4,3,3,3,4,3,24,2,"SE"
5,2,4,2,1,2,3,4,1,2,1,1,20,1,"US"
4,5,5,5,5,3,5,5,3,3,5,5,25,1,"ZA"
4,3,4,4,4,2,4,3,3,4,4,4,19,2,"IT"
5,5,2,5,2,5,5,5,1,1,1,3,26,1,"US"
4,4,5,4,5,2,3,3,2,4,4,4,24,1,"US"
4,4,4,2,5,3,4,4,5,2,4,3,26,1,"ES"
4,3,1,4,2,3,4,3,3,2,2,2,18,1,"US"
4,4,4,2,4,5,3,3,2,2,2,3,19,1,"US"
5,5,2,1,1,5,5,4,4,2,1,2,43,1,"US"
1,1,5,5,5,1,5,1,5,5,5,5,32,1,"GB"
4,1,4,5,1,5,4,3,1,1,1,4,19,2,"AU"
3,1,4,4,3,3,4,3,4,4,4,4,16,1,"US"
4,4,2,2,5,2,5,2,4,4,4,4,20,2,"US"
4,4,4,4,5,1,4,5,4,4,4,2,25,1,"US"
2,1,4,4,5,4,4,4,4,4,5,5,22,2,"US"
5,4,2,4,4,3,5,5,1,1,1,1,17,2,"US"
4,4,5,4,5,5,4,5,4,4,4,4,18,2,"PH"
5,5,4,4,5,4,5,2,5,3,4,3,18,1,"US"
3,2,2,3,4,3,4,4,2,2,2,2,49,2,"US"
4,4,2,3,5,4,4,2,2,2,2,2,33,2,"US"
5,5,2,2,4,5,5,4,2,2,2,2,23,1,"US"
4,4,2,3,2,4,4,3,2,2,2,2,30,1,"GB"
4,1,4,5,5,2,3,2,4,5,4,5,16,1,"US"
4,4,1,1,3,5,5,4,3,2,2,2,41,2,"US"
4,3,4,4,4,4,5,4,2,3,3,5,34,2,"US"
2,1,4,4,3,2,2,3,3,4,3,4,35,2,"ES"
5,5,3,4,5,2,4,2,1,1,2,4,20,2,"US"
4,4,1,2,3,4,5,4,1,3,2,4,14,1,"FR"
4,4,2,2,2,5,5,5,1,1,1,1,17,1,"US"
1,1,5,5,5,1,1,1,5,5,5,5,18,1,"US"
4,3,2,2,4,3,4,2,3,2,4,3,16,2,"US"
2,2,4,4,5,1,2,1,5,5,5,5,16,2,"US"
4,2,4,4,4,3,4,5,4,4,4,5,19,2,"GB"
3,2,2,2,3,4,4,3,1,2,2,2,48,1,"US"
4,4,2,2,2,4,4,4,2,2,2,4,18,1,"US"
4,4,1,2,3,4,4,3,1,1,1,2,23,2,"US"
4,2,4,4,5,3,4,4,4,4,2,4,21,1,"US"
5,4,2,2,4,4,5,3,1,2,1,2,13,2,"US"
4,3,2,2,4,4,4,4,1,2,2,2,22,1,"ES"
4,4,1,2,4,4,4,4,2,1,2,2,26,2,"US"
3,5,4,1,4,5,4,4,4,4,5,1,24,1,"PL"
4,1,2,5,4,4,4,4,2,4,4,4,17,1,"GB"
4,4,2,4,2,5,4,4,1,1,1,2,18,2,"US"
5,4,1,2,4,5,5,3,1,2,1,2,19,2,"US"
4,4,4,2,5,4,5,4,1,1,4,5,17,2,"US"
4,5,1,1,4,5,5,4,2,1,2,4,42,1,"US"
4,4,2,2,4,2,4,1,2,2,2,3,19,1,"CA"
5,2,1,1,1,1,1,1,2,1,2,1,18,2,"PH"
5,5,4,4,3,5,5,4,4,4,4,3,26,1,"HR"
2,5,1,2,4,2,2,2,2,2,2,2,46,2,"IE"
4,3,2,1,3,4,4,4,1,1,1,2,30,2,"US"
4,1,5,4,4,2,2,3,4,4,5,4,17,2,"US"
5,4,2,4,5,4,4,3,2,4,4,3,18,2,"US"
5,3,1,1,4,5,4,4,2,1,2,2,28,2,"PH"
4,1,1,4,1,4,1,3,4,2,5,5,30,1,"PK"
1,3,5,4,5,2,2,4,5,5,5,3,22,1,"IN"
4,2,2,2,2,4,4,4,3,2,2,2,36,1,"AU"
4,2,1,1,4,4,2,4,5,3,2,1,25,2,"SE"
5,4,1,1,2,4,5,4,1,1,2,2,22,1,"US"
5,4,2,1,3,4,5,4,2,3,2,3,14,2,"US"
1,1,5,5,1,5,5,5,5,2,5,1,65,2,"MX"
4,5,1,1,2,5,5,5,1,1,1,2,29,1,"CA"
5,3,1,5,4,4,4,4,1,1,1,1,37,2,"US"
5,4,1,1,4,4,5,5,2,2,2,3,23,1,"SG"
4,5,4,1,5,5,1,3,5,1,1,4,42,1,"AU"
4,4,1,1,4,4,4,5,1,1,1,1,34,2,"CM"
5,2,1,1,4,5,5,5,1,1,1,1,42,1,"US"
4,4,1,2,1,5,3,2,2,2,1,3,27,2,"GB"
4,4,2,4,5,2,4,3,1,4,4,1,19,1,"PH"
3,4,2,4,4,4,4,4,2,2,2,4,22,2,"ID"
3,2,4,3,4,4,4,3,4,2,4,4,25,2,"AU"
5,4,2,1,3,4,4,4,4,3,4,2,19,2,"MY"
4,2,4,4,4,2,2,2,4,4,4,3,19,1,"FR"
4,4,2,4,4,4,5,2,2,5,3,4,15,2,"US"
4,4,2,1,3,4,4,4,2,2,2,2,61,2,"AU"
5,5,1,1,4,5,5,5,2,1,1,2,64,2,"US"
5,5,1,1,4,5,5,5,1,1,1,2,27,2,"US"
3,2,4,3,4,4,4,3,4,4,4,3,25,1,"US"
5,4,5,1,4,2,2,1,2,2,2,2,23,1,"DE"
4,4,1,1,4,4,5,5,1,1,1,3,43,2,"US"
4,5,4,1,4,5,5,5,4,3,2,2,32,2,"US"
4,5,2,2,5,4,4,4,3,2,2,3,15,2,"PL"
1,2,4,3,5,4,1,4,5,5,4,3,22,1,"US"
4,4,2,2,2,3,4,3,2,2,4,4,45,2,"FI"
5,5,1,2,1,5,5,5,1,1,1,1,23,1,"GB"
4,3,1,5,4,5,5,5,1,1,1,3,20,1,"US"
3,2,4,2,5,1,3,3,3,4,4,4,29,2,"US"
4,2,2,3,4,3,4,4,2,2,2,4,16,2,"BR"
3,3,2,2,2,4,4,4,2,3,2,4,21,2,"GB"
4,4,2,1,3,4,4,4,1,2,1,2,50,1,"US"
5,4,2,1,4,5,5,5,1,1,3,1,25,2,"US"
5,5,4,5,5,1,4,2,1,1,5,4,20,1,"IN"
4,5,1,2,1,4,4,4,2,1,1,3,54,1,"US"
4,5,1,1,4,5,4,4,1,2,1,1,23,2,"PT"
4,2,4,1,2,4,5,4,1,2,2,3,24,2,"US"
5,1,2,3,1,5,5,4,1,2,1,3,15,2,"US"
5,5,1,1,1,5,5,5,1,1,5,1,19,1,"AU"
5,5,1,1,2,5,5,5,2,1,3,4,27,1,"GB"
4,2,4,4,4,4,4,4,2,2,2,4,20,2,"US"
1,1,5,5,5,4,1,1,5,5,4,5,40,1,"CA"
4,2,4,3,1,4,5,5,2,2,3,3,18,2,"US"
4,2,4,2,4,4,4,4,4,3,4,5,13,1,"GB"
4,3,4,2,4,3,4,3,2,2,2,2,53,1,"US"
4,2,4,4,5,4,3,4,3,2,4,3,15,1,"PH"
3,1,4,5,5,2,4,3,5,5,5,3,23,2,"GB"
1,2,5,4,5,2,3,3,4,5,5,5,18,2,"GB"
4,4,4,4,4,2,5,3,4,4,4,3,17,2,"AU"
5,4,2,2,4,5,4,5,1,2,1,4,17,2,"US"
5,5,3,2,3,4,4,4,4,3,4,3,38,2,"CH"
2,4,5,4,5,1,2,2,4,3,4,2,39,1,"US"
4,4,1,1,2,4,4,4,2,2,1,3,49,2,"US"
3,1,4,4,3,2,4,3,2,4,4,3,51,2,"GB"
5,5,1,1,1,5,5,3,4,2,1,1,36,1,"US"
5,4,1,1,4,5,5,5,5,1,1,1,23,1,"PH"
4,1,2,2,5,3,2,4,4,1,1,1,41,2,"GB"
2,2,4,4,5,4,2,4,4,2,5,5,36,1,"PH"
4,1,4,5,5,4,4,2,4,4,4,4,26,1,"AU"
5,5,2,1,4,4,5,5,1,5,2,1,18,2,"US"
4,4,4,5,4,1,5,3,2,2,5,2,50,2,"AU"
5,5,1,1,4,5,4,5,2,1,1,1,29,2,"US"
4,4,4,3,4,4,4,5,3,3,4,3,26,1,"US"
5,5,2,2,4,5,5,5,2,2,1,2,46,2,"GB"
5,4,2,3,5,4,5,3,4,1,1,1,18,1,"SG"
3,4,4,4,4,4,4,4,4,4,3,2,20,1,"ID"
4,3,4,5,2,5,4,2,5,4,4,4,57,1,"GB"
5,5,1,1,4,5,5,5,1,3,1,4,35,2,"US"
4,4,1,1,3,4,4,4,2,1,2,2,19,1,"AU"
5,4,1,2,4,5,5,5,2,2,2,2,21,1,"AR"
1,3,4,5,5,1,3,4,2,1,3,3,21,2,"PH"
5,3,3,4,4,4,5,5,1,2,4,2,17,2,"PH"
5,4,1,2,2,5,5,5,1,3,1,2,29,1,"US"
4,3,5,3,5,2,4,3,5,4,5,3,32,2,"US"
5,4,2,2,2,4,5,4,2,2,2,2,18,2,"US"
4,4,2,2,4,5,2,4,4,5,2,4,17,2,"US"
4,1,4,5,5,1,2,1,5,5,5,5,13,2,"AU"
2,4,3,1,5,4,3,4,3,4,4,5,17,2,"ID"
4,2,4,4,4,2,4,2,4,4,4,4,20,1,"PT"
4,4,2,2,4,5,5,5,1,2,1,4,59,1,"US"
4,3,4,3,4,3,4,2,2,2,4,3,19,2,"US"
4,2,3,2,4,4,4,4,3,2,3,4,44,1,"US"
3,3,1,3,4,4,2,1,2,2,1,3,19,1,"US"
4,3,1,2,4,2,4,4,2,3,1,4,27,2,"NO"
4,4,1,2,4,4,5,5,2,2,2,3,22,1,"DE"
5,3,4,5,2,5,4,2,4,4,5,4,30,1,"NP"
5,1,5,5,5,3,2,5,5,5,5,1,37,1,"US"
5,5,2,3,3,4,4,3,2,2,1,3,16,2,"US"
4,2,4,3,5,1,4,3,2,2,3,3,21,2,"US"
3,5,2,3,4,5,4,1,2,2,1,3,34,1,"IN"
4,3,2,2,4,4,5,4,2,3,4,4,23,2,"PH"
5,5,2,2,2,5,5,5,1,1,1,2,24,1,"US"
4,2,4,3,4,2,4,3,5,4,4,3,18,1,"CA"
4,4,2,1,3,4,4,4,4,3,3,2,15,1,"CA"
4,4,4,4,2,5,5,4,2,2,2,4,29,1,"US"
5,5,2,4,2,5,5,5,2,2,2,4,53,1,"US"
5,4,2,1,1,5,5,4,1,2,1,3,43,2,"US"
5,4,4,3,4,4,4,3,3,3,4,4,16,2,"US"
5,5,1,1,2,5,5,5,5,1,1,1,61,2,"US"
4,3,4,1,4,3,5,4,1,2,4,4,32,1,"US"
4,4,1,2,4,5,5,4,2,1,1,2,28,1,"FR"
4,3,3,4,2,4,4,4,2,4,2,2,18,1,"US"
3,4,2,2,3,4,4,4,2,2,2,4,35,2,"US"
4,4,3,5,4,5,2,3,3,2,3,5,15,2,"US"
5,5,1,2,1,5,5,1,4,1,1,2,24,1,"IL"
4,4,2,2,4,4,4,4,4,2,2,1,24,1,"US"
4,4,4,5,4,4,3,1,4,4,5,3,14,2,"SA"
5,4,1,2,4,5,5,4,2,1,2,2,14,2,"US"
1,2,2,3,2,2,1,1,2,2,2,2,18,2,"US"
2,4,2,1,5,5,3,2,4,2,2,2,15,1,"US"
4,4,2,2,5,4,3,4,4,2,2,3,15,2,"US"
5,5,1,1,2,5,5,4,2,1,1,2,42,1,"US"
2,1,4,4,3,4,4,3,2,2,4,4,19,2,"US"
3,4,2,4,5,2,4,4,4,2,2,2,28,1,"US"
4,4,1,1,1,5,4,4,1,1,1,2,32,1,"AU"
4,4,4,4,2,2,3,4,5,4,2,2,18,2,"US"
3,4,2,1,3,3,1,4,2,2,1,5,16,1,"DK"
4,4,4,4,4,5,4,4,1,2,2,2,21,1,"SG"
5,3,1,4,5,4,4,3,1,1,2,3,19,2,"US"
2,1,4,3,5,1,2,3,3,4,4,4,29,1,"US"
5,4,2,1,1,5,3,5,4,2,1,2,34,2,"US"
4,3,1,2,5,4,5,5,1,1,2,2,26,2,"US"
5,5,1,1,2,5,5,4,1,1,1,2,15,1,"US"
3,1,2,3,4,4,4,4,1,2,4,4,22,1,"US"
2,2,2,2,3,3,4,3,2,2,2,3,46,2,"US"
4,5,2,1,3,5,4,4,4,3,1,3,17,2,"US"
5,2,2,2,4,5,1,2,2,2,1,3,39,1,"BE"
5,5,1,1,5,5,5,5,1,1,1,1,19,1,"AR"
5,2,4,1,2,2,5,5,2,2,2,2,24,2,"US"
5,3,2,1,2,3,5,4,3,2,2,4,17,1,"GB"
5,5,2,2,4,5,5,4,1,1,2,2,24,2,"US"
5,4,3,2,2,4,5,2,4,2,2,2,18,2,"US"
4,2,4,2,5,4,2,2,5,4,4,4,25,1,"AU"
5,5,2,2,5,4,5,5,1,2,1,2,32,1,"US"
2,1,5,5,2,1,5,4,5,5,5,5,29,2,"IN"
4,4,2,1,5,4,4,4,2,4,2,2,21,2,"EG"
5,5,1,1,1,5,5,3,1,1,1,2,15,2,"US"
5,5,1,1,2,5,5,5,2,2,1,1,17,1,"US"
4,4,2,2,4,4,4,4,2,2,2,2,43,2,"US"
1,1,4,4,2,5,5,4,1,1,1,4,17,1,"CA"
2,5,1,1,5,2,2,4,2,2,2,2,20,1,"US"
5,3,5,5,5,5,5,5,1,1,1,3,34,1,"US"
4,4,1,2,4,4,5,3,1,3,2,3,40,1,"IT"
3,2,4,2,3,2,4,3,4,4,2,3,22,2,"CA"
5,4,4,5,4,4,4,4,2,1,4,3,22,2,"JP"
4,1,4,5,5,3,3,4,2,5,4,5,19,2,"IN"
5,4,2,2,4,5,5,5,2,2,1,3,18,1,"US"
2,4,2,1,5,5,4,5,1,1,1,1,41,2,"KE"
5,3,1,1,2,2,5,5,1,1,1,2,45,1,"US"
5,5,1,2,3,5,5,5,2,2,1,2,20,1,"CA"
5,5,3,3,5,3,5,3,5,3,3,3,26,1,"US"
4,3,2,4,4,5,5,5,2,2,3,4,17,2,"PK"
1,1,5,5,5,3,2,4,3,2,4,3,20,2,"IN"
4,3,4,4,4,2,4,3,5,4,4,3,16,2,"GB"
4,4,2,4,4,2,4,3,1,4,4,3,15,1,"IT"
5,4,1,1,2,2,5,4,2,1,1,2,57,2,"US"
5,4,2,3,1,5,5,1,2,2,4,2,17,1,"GB"
4,3,1,2,4,4,4,3,1,2,2,3,58,1,"US"
4,1,4,4,4,3,3,3,4,3,4,4,56,1,"US"
3,3,3,2,2,4,4,5,2,2,3,3,25,2,"VN"
4,4,1,1,2,4,5,3,1,1,1,2,64,2,"US"
4,4,2,1,5,4,4,4,3,2,2,1,42,1,"MX"
1,1,5,5,5,1,1,1,5,5,5,5,17,1,"US"
4,2,4,3,4,5,5,4,2,2,4,2,36,2,"US"
2,4,5,3,4,4,4,3,4,2,4,3,19,1,"US"
3,3,3,4,4,2,4,3,2,3,2,2,41,1,"US"
4,3,2,3,4,4,3,4,3,4,2,4,22,1,"BR"
4,1,2,1,2,5,5,5,2,2,2,2,19,1,"US"
4,4,2,1,2,4,5,4,2,1,1,2,50,1,"US"
4,4,1,1,4,4,3,5,1,2,1,2,62,2,"GB"
1,1,5,5,5,1,5,1,5,5,5,5,26,2,"US"
5,4,2,1,1,5,4,4,3,1,1,2,20,1,"US"
4,4,2,2,3,5,5,5,1,2,2,2,23,1,"AU"
4,4,2,3,4,4,3,3,4,3,4,3,21,1,"CA"
2,4,4,4,5,3,4,4,2,2,1,4,45,1,"IN"
5,4,2,1,2,5,4,2,2,1,1,2,21,2,"FR"
4,4,4,4,3,4,5,5,2,2,1,3,18,1,"US"
4,4,2,2,2,5,4,3,4,4,2,3,17,2,"AU"
2,1,4,4,4,2,4,2,4,5,5,4,29,1,"GR"
5,1,1,2,5,2,5,5,1,1,1,2,34,2,"PH"
5,5,1,1,2,5,4,5,2,2,1,2,62,2,"US"
4,1,4,2,4,4,5,3,4,2,2,2,19,1,"US"
2,1,5,5,5,1,2,2,2,5,5,5,17,2,"AU"
5,1,3,4,5,4,3,2,1,5,4,3,17,2,"US"
4,1,3,5,4,2,4,4,4,5,4,4,23,2,"US"
1,1,4,4,4,3,4,2,1,4,4,4,55,2,"US"
4,1,1,1,2,1,4,3,2,3,1,1,53,2,"US"
4,3,5,5,4,2,4,3,4,5,4,5,14,1,"LK"
2,5,3,3,3,4,4,4,2,3,3,3,15,2,"US"
4,4,4,2,3,3,4,3,2,2,2,3,15,2,"CA"
4,4,2,3,4,4,5,5,1,1,2,2,53,2,"GB"
5,5,1,4,2,5,5,4,2,1,2,1,20,1,"GB"
5,2,1,1,5,4,5,4,1,2,1,2,14,2,"US"
5,4,2,1,1,4,5,5,1,2,1,3,31,2,"US"
1,1,5,4,5,1,2,2,4,5,4,4,55,1,"SG"
5,5,2,2,5,4,4,4,3,2,2,3,29,1,"US"
1,1,5,5,5,1,1,1,5,1,5,5,33,1,"GB"
4,1,4,4,5,2,4,2,5,4,4,4,22,2,"AU"
5,4,4,2,1,5,5,5,2,2,4,2,20,1,"US"
5,4,2,2,4,5,5,3,4,2,3,3,16,2,"GB"
2,5,4,5,3,2,5,2,1,4,4,4,23,2,"CA"
4,2,4,4,4,4,4,3,2,2,3,4,28,2,"FI"
5,4,2,1,3,4,4,5,2,3,1,3,18,2,"HR"
4,2,2,2,2,4,4,4,2,2,2,2,58,2,"GB"
4,2,2,2,4,2,4,4,3,2,2,4,15,2,"US"
4,4,4,2,4,4,2,3,4,2,2,4,21,2,"IN"
1,1,3,4,4,2,4,1,1,4,4,4,60,1,"US"
4,4,4,3,5,2,4,3,4,4,4,3,20,1,"US"
4,4,2,4,5,5,5,1,1,1,1,2,20,2,"US"
3,2,1,1,2,4,5,5,2,1,1,2,20,1,"CA"
4,1,4,3,5,4,5,4,3,2,4,3,17,2,"US"
4,3,4,2,2,4,5,4,3,2,2,4,22,1,"US"
4,4,4,4,4,4,5,4,2,2,2,2,48,2,"US"
4,4,2,2,5,4,5,4,1,4,2,4,15,1,"US"
1,1,4,5,5,2,1,4,4,5,5,5,25,1,"US"
4,4,4,4,1,4,5,4,4,2,1,2,44,1,"CA"
1,1,4,5,1,5,2,5,5,4,5,2,30,1,"IN"
3,1,4,2,5,4,5,2,4,4,4,3,20,1,"US"
4,5,2,2,4,4,3,4,2,4,2,2,53,1,"US"
4,4,2,2,3,4,2,4,4,4,2,1,43,2,"GB"
4,3,3,3,4,4,5,4,1,1,2,3,44,2,"US"
5,5,1,1,1,5,5,5,1,1,4,2,17,2,"US"
2,1,3,3,4,3,3,3,4,2,3,2,21,2,"US"
4,4,4,5,5,5,4,5,1,1,2,2,19,1,"US"
1,5,1,2,1,5,5,5,1,1,1,5,53,1,"US"
5,3,4,5,4,4,2,2,4,4,4,5,24,2,"US"
4,4,1,1,2,4,4,4,1,1,1,4,26,2,"US"
5,5,2,5,5,5,1,5,5,2,5,4,30,1,"US"
4,5,3,4,5,4,4,4,2,1,2,3,20,2,"PH"
4,3,2,2,4,4,5,4,1,4,4,4,18,1,"DK"
4,4,1,2,2,4,4,4,1,2,1,2,42,2,"US"
4,4,2,2,4,4,5,4,2,2,2,2,24,1,"US"
5,5,1,2,2,4,5,4,1,1,2,2,38,1,"SE"
5,2,2,3,3,4,5,4,3,2,2,4,238,2,"AU"
5,4,2,2,4,4,5,3,2,1,1,3,20,2,"US"
4,5,1,1,1,4,5,3,2,2,2,3,18,2,"US"
1,1,5,5,5,1,1,1,1,1,5,5,29,1,"BM"
4,4,4,4,2,5,5,4,4,3,4,4,37,1,"US"
5,3,1,2,4,4,3,4,2,2,2,3,17,2,"US"
4,2,3,5,4,3,5,3,2,4,4,4,32,1,"PK"
4,3,1,3,5,4,2,3,5,4,2,3,17,1,"HU"
5,4,2,2,4,3,4,3,2,4,2,4,20,2,"US"
1,1,5,5,5,4,2,1,4,5,5,3,39,2,"US"
5,5,1,1,2,4,5,3,1,1,1,1,18,2,"GB"
4,4,2,1,2,5,4,4,2,2,2,2,54,1,"US"
5,5,1,2,2,5,4,4,2,1,2,2,20,2,"US"
5,5,1,1,2,5,5,5,1,1,1,1,27,1,"US"
5,1,1,5,1,5,5,5,5,1,1,5,24,1,"US"
5,5,4,3,2,4,4,4,4,1,2,3,24,2,"US"
2,2,4,5,5,2,2,2,4,4,4,3,17,2,"FI"
4,4,1,1,4,4,4,3,1,2,2,3,50,1,"SE"
2,2,4,5,4,2,2,2,5,5,4,5,18,1,"US"
5,4,1,1,4,5,5,5,1,2,2,2,24,1,"CH"
5,4,2,2,4,4,4,4,1,1,1,2,37,1,"US"
3,2,4,4,3,4,3,4,2,2,2,4,25,2,"US"
4,3,2,2,2,4,2,2,3,2,2,2,22,1,"US"
1,1,5,5,5,1,5,3,2,1,5,1,15,1,"US"
4,4,2,3,4,4,5,5,2,2,2,3,25,1,"GB"
3,2,4,3,4,4,3,1,3,4,3,4,30,2,"US"
5,5,2,1,4,4,4,3,1,2,2,2,32,2,"US"
4,4,4,2,2,5,4,5,4,4,4,1,44,2,"US"
5,5,1,1,1,5,5,5,1,1,1,1,21,1,"DE"
4,4,1,1,5,4,3,2,4,4,2,1,45,1,"US"
5,4,2,4,2,4,5,5,1,1,2,2,45,2,"GB"
5,5,1,1,1,2,3,2,3,2,1,3,49,2,"NZ"
4,2,4,1,4,5,4,4,4,1,2,3,20,1,"NL"
5,5,1,1,4,5,5,4,1,1,1,2,60,2,"US"
4,2,5,5,5,5,5,5,1,1,5,5,18,1,"BR"
4,2,2,2,5,2,3,3,4,4,5,4,22,2,"PL"
4,4,1,2,2,4,4,4,2,2,1,4,47,1,"US"
5,5,2,1,2,5,5,5,1,1,1,1,22,2,"US"
3,4,2,2,4,4,3,4,2,1,2,2,19,2,"US"
4,4,2,3,4,4,5,4,1,1,2,2,14,2,"US"
4,5,2,3,4,1,5,5,1,1,1,5,15,1,"US"
1,1,4,4,3,2,4,2,5,5,5,5,19,1,"FI"
3,4,3,4,5,4,5,2,3,1,3,2,18,2,"US"
3,1,5,5,5,1,3,3,5,5,5,5,21,2,"US"
5,4,2,1,2,4,5,4,1,2,1,2,45,1,"US"
4,4,3,3,2,2,2,2,4,4,4,2,59,2,"GB"
3,3,4,3,3,3,3,3,3,3,3,3,14,1,"GB"
4,4,1,1,2,5,5,4,1,1,1,2,32,2,"US"
5,5,4,3,4,4,5,5,1,2,3,3,32,1,"US"
5,3,1,3,1,5,4,4,4,2,2,1,39,2,"US"
4,4,2,2,4,5,4,4,2,2,2,2,42,2,"US"
4,2,2,3,5,5,4,3,2,2,2,4,42,2,"US"
3,4,2,2,2,3,4,4,2,3,3,4,14,2,"US"
4,3,5,5,5,2,2,1,5,3,5,3,27,1,"CA"
4,2,1,2,5,5,4,5,1,2,4,2,42,2,"VE"
4,4,4,4,2,5,5,5,1,1,1,4,23,2,"US"
4,4,3,4,4,4,4,3,4,3,4,4,33,2,"US"
5,2,2,2,5,5,5,4,1,1,2,3,18,1,"GB"
4,4,2,2,4,2,4,4,5,1,2,2,19,1,"CA"
5,5,2,2,3,4,5,5,1,2,2,1,18,2,"US"
4,4,2,2,3,4,5,5,2,1,2,2,29,2,"AU"
3,5,5,4,2,4,5,4,1,2,2,3,25,1,"US"
4,4,1,1,2,3,4,5,1,1,1,2,20,2,"US"
3,1,4,4,4,2,5,3,2,2,4,2,36,2,"IE"
5,2,5,5,5,1,1,1,3,4,4,5,45,2,"GB"
4,2,4,4,4,2,4,4,4,4,4,2,41,1,"US"
5,4,1,1,2,4,4,5,2,5,1,2,21,2,"US"
4,4,1,3,4,5,4,4,2,4,4,2,22,2,"GB"
4,4,1,1,1,5,4,3,1,1,2,3,18,2,"AU"
4,2,4,4,5,2,5,3,2,2,5,2,17,2,"US"
5,5,2,4,4,4,5,2,1,2,2,4,45,2,"AU"
5,4,2,1,3,4,5,5,2,2,1,2,27,1,"US"
4,4,1,2,5,5,5,3,1,1,4,3,14,1,"US"
5,5,4,2,4,3,3,2,4,4,4,3,38,2,"AT"
4,5,3,2,2,5,4,3,2,2,3,2,15,2,"US"
4,4,2,4,3,5,4,3,1,2,1,2,37,1,"US"
5,1,1,1,1,5,5,5,1,1,1,1,21,2,"US"
2,1,4,3,4,4,4,5,4,4,3,3,20,1,"US"
4,3,2,3,2,4,5,4,1,2,2,3,41,2,"US"
2,2,5,5,4,2,4,4,2,2,4,3,18,2,"US"
5,4,1,1,4,4,4,4,4,2,2,2,31,2,"US"
5,1,2,1,1,2,1,1,3,1,1,1,15,1,"US"
5,4,1,3,4,4,2,2,1,2,2,3,17,2,"US"
5,2,1,1,2,5,5,3,1,2,1,3,31,2,"RO"
3,4,4,2,4,4,5,4,2,3,2,2,16,1,"US"
3,3,4,4,3,4,4,4,1,2,4,4,20,2,"PH"
4,4,2,1,2,5,4,2,4,2,2,2,63,1,"US"
4,3,2,1,2,4,5,5,1,2,1,2,20,2,"US"
4,4,3,3,4,4,5,4,2,4,3,4,16,1,"GB"
1,2,4,2,5,5,1,1,5,2,2,1,26,1,"US"
5,4,1,1,5,5,4,4,4,4,2,1,24,2,"IN"
5,5,1,1,4,5,4,4,1,2,1,2,31,1,"AU"
2,4,3,5,5,3,4,1,5,4,2,2,27,2,"CZ"
5,4,1,1,2,4,5,4,2,1,1,2,24,2,"CA"
4,4,4,4,4,4,4,2,4,2,4,4,33,1,"ES"
5,5,2,1,3,5,4,5,1,1,1,1,25,1,"AU"
4,5,1,2,1,5,5,5,1,1,1,2,34,1,"US"
3,4,4,3,2,4,5,5,2,2,4,3,25,2,"IN"
4,5,2,2,2,5,5,4,1,1,1,5,43,1,"US"
2,2,4,2,3,3,2,2,4,4,4,4,45,1,"US"
4,4,1,1,1,4,4,4,4,4,4,4,48,2,"NZ"
2,2,4,5,3,4,4,5,1,4,5,3,14,2,"US"
1,2,4,5,5,3,2,3,5,5,5,4,20,1,"GB"
3,2,4,4,5,5,3,3,4,4,4,4,18,2,"US"
5,5,1,1,1,5,5,5,1,2,1,1,35,2,"US"
4,4,4,4,4,4,4,2,2,2,2,2,40,2,"US"
4,1,4,4,4,2,4,4,3,4,4,4,54,1,"US"
4,5,4,2,4,5,4,4,4,2,4,2,16,1,"IE"
1,1,4,4,5,4,4,2,2,4,4,4,28,1,"US"
4,4,3,2,4,4,5,2,2,1,2,4,18,1,"US"
5,5,2,2,4,5,5,2,4,2,4,2,19,1,"AU"
2,1,4,4,5,4,2,3,4,4,4,4,38,2,"ZA"
5,5,2,2,4,4,4,5,2,2,2,2,33,1,"IN"
3,4,3,4,3,3,4,3,1,2,3,2,20,2,"PH"
2,2,5,4,5,1,2,2,4,5,4,5,24,1,"GB"
5,5,1,1,4,4,4,5,1,2,1,3,27,1,"BE"
4,4,2,3,3,4,4,4,2,2,2,3,19,1,"US"
1,1,5,5,5,1,1,1,5,5,5,5,20,1,"US"
4,4,2,4,4,4,5,4,4,4,5,3,17,1,"GB"
4,4,2,2,4,2,4,4,4,4,2,2,17,2,"NZ"
4,5,3,2,5,3,4,3,2,2,3,2,17,2,"US"
5,5,1,1,1,5,4,5,2,2,2,4,17,2,"US"
5,4,2,3,5,5,4,4,1,1,1,3,27,1,"IN"
5,5,1,3,4,2,5,5,1,4,2,5,19,2,"IN"
4,5,1,1,1,5,5,5,1,1,1,5,50,1,"US"
2,3,4,4,5,3,4,3,4,4,4,5,17,1,"GB"
4,2,4,2,2,4,1,4,1,4,2,2,14,2,"GB"
4,4,1,2,5,4,5,2,2,2,2,2,18,1,"US"
1,3,5,5,5,3,1,2,5,5,5,5,45,1,"US"
5,5,1,5,5,5,5,5,1,1,1,5,28,1,"GB"
4,2,4,4,5,2,2,4,3,2,4,3,40,2,"US"
5,4,1,1,4,5,3,2,1,1,3,3,17,1,"US"
2,2,5,4,4,1,2,1,5,5,5,5,40,1,"US"
5,3,1,1,5,4,5,5,1,2,1,5,21,2,"JO"
5,5,1,2,5,4,5,1,1,1,1,4,39,2,"GB"
5,4,4,5,5,5,5,4,1,1,2,3,16,1,"US"
4,4,2,2,5,5,4,2,3,2,2,3,17,2,"US"
4,2,1,2,3,4,4,5,1,1,2,4,25,1,"PT"
4,4,4,2,5,2,5,5,2,4,2,2,17,2,"US"
5,4,1,2,1,5,4,5,3,1,1,4,17,2,"IN"
4,5,4,2,3,4,4,3,4,1,4,3,33,1,"AU"
4,4,1,1,4,4,4,3,2,2,1,2,52,2,"DK"
4,3,2,2,2,5,4,4,1,1,2,3,18,2,"US"
2,1,4,4,5,2,2,2,2,4,4,4,17,2,"US"
2,1,5,5,4,2,4,2,4,4,4,4,33,2,"GB"
5,5,1,1,1,5,5,5,1,1,1,1,17,1,"US"
3,5,5,3,4,5,3,3,4,2,2,3,40,2,"IN"
5,4,4,2,4,5,2,4,5,2,2,2,50,1,"GB"
3,2,5,4,5,2,5,3,4,4,5,3,23,1,"US"
4,4,2,2,3,4,4,4,3,2,2,2,40,2,"US"
2,1,5,5,2,1,4,2,4,5,4,5,42,2,"US"
5,4,1,2,2,4,4,5,1,2,2,2,34,1,"US"
2,1,4,4,4,2,1,2,5,4,4,5,33,2,"HU"
5,4,3,4,4,4,2,4,3,3,4,4,17,2,"PH"
5,4,1,1,5,5,5,4,1,1,4,5,15,2,"US"
2,1,5,4,5,2,4,3,5,5,5,5,17,2,"AU"
4,2,4,4,4,4,3,4,4,5,2,3,20,2,"US"
4,5,2,2,4,5,5,5,2,1,1,2,18,1,"US"
1,2,4,1,4,5,5,5,1,4,4,2,41,1,"IN"
5,5,4,2,4,4,4,3,2,2,2,2,34,2,"US"
2,2,2,4,4,1,5,5,2,2,2,2,33,2,"US"
4,2,1,3,4,2,5,3,2,4,3,2,45,1,"DE"
4,3,1,2,3,2,4,4,2,2,2,2,36,1,"US"
5,5,1,1,2,5,5,5,1,2,2,2,23,1,"US"
3,2,4,4,3,2,5,3,2,2,2,3,18,1,"AU"
2,2,4,2,4,4,4,4,2,1,2,2,57,1,"US"
4,3,2,2,4,4,4,4,1,2,2,3,20,2,"IT"
1,1,3,3,3,4,1,3,4,3,3,4,47,1,"US"
4,3,4,4,4,4,5,3,2,1,4,3,18,2,"AU"
4,3,5,5,5,5,5,4,1,2,1,4,21,1,"DK"
4,4,4,4,4,4,4,4,3,3,4,2,20,1,"US"
5,4,2,1,2,5,5,5,1,1,1,5,68,1,"US"
2,4,1,2,5,5,4,3,4,1,4,3,18,2,"IN"
5,4,2,1,4,4,5,4,1,1,1,2,21,2,"AU"
5,4,1,2,2,4,4,4,1,2,1,1,18,1,"US"
2,1,5,5,5,5,2,2,5,5,5,5,37,2,"US"
1,5,5,5,5,5,5,5,4,5,5,5,13,2,"US"
5,5,4,3,5,1,5,5,3,1,1,3,19,2,"US"
5,4,2,2,4,5,3,4,3,2,2,2,22,2,"KR"
5,5,2,1,4,5,4,5,4,1,2,1,28,1,"US"
5,4,2,4,4,4,4,3,1,2,3,2,20,1,"CA"
4,4,2,2,1,5,3,3,2,4,3,2,43,1,"US"
5,4,3,2,5,2,4,5,2,2,2,2,19,1,"US"
